Workbook

Sheet Report
A1: ='Data Input'!$C$8 -> 46311 | B1: ='Data Input'!$N$8 -> 46313 | C1: ='Data Input'!$M$5 -> 46311.75 | D1: =('Data Input'!$C$9-'Data Input'!$C$8)*24 -> 0 | E1: ='Data Input'!$G$9*IF('Data Input'!$K$9="days",24,1)/48 -> 1 | K1: 0 | L1: 1 | M1: 2 | N1: 3 | O1: 4 | P1: 5 | Q1: 6 | R1: 7 | S1: 8 | T1: 9 | U1: 10 | V1: 11 | W1: 12 | X1: 13 | Y1: 14 | Z1: 15 | AA1: 16 | AB1: 17 | AC1: 18 | AD1: 19 | AE1: 20 | AF1: 21 | AG1: 22 | AH1: 23 | AI1: 24 | AJ1: 25 | AK1: 26 | AL1: 27 | AM1: 28 | AN1: 29 | AO1: 30 | AP1: 31 | AQ1: 32 | AR1: 33 | AS1: 34 | AT1: 35 | AU1: 36 | AV1: 37 | AW1: 38 | AX1: 39 | AY1: 40 | AZ1: 41 | BA1: 42 | BB1: 43 | BC1: 44 | BD1: 45 | BE1: 46 | BF1: 47
A3: EWR CULVERTS REPLACEMENT PHASE 2
A4: POSSESSION PROGRESS REPORT - PLANNED vs ACTUAL
A5: Culvert Replacement – Shutdown 03
A7: REPORT GENERATED | D7: =TEXT($C$1,"dddd dd-mmm-yyyy hh:mm")&" prepared by SAR IPMC – Planning" -> Friday 16-Oct-2026 18:00 prepared by SAR IPMC – Planning
A8: POSSESSION WINDOW | D8: =TEXT($A$1,"dddd dd-mmm-yyyy hh:mm")&" to "&TEXT($B$1,"dddd dd-mmm-yyyy hh:mm")&" = "&TEXT(($B$1-$A$1)*24,"0.0")&" hours" -> Friday 16-Oct-2026 00:00 to Sunday 18-Oct-2026 00:00 = 48.0 hours
A9: ELAPSED / REMAINING | D9: =TEXT(MEDIAN(0,($C$1-$A$1)*24,($B$1-$A$1)*24),"0.0")&" h elapsed "&TEXT(($B$1-$A$1)*24-MEDIAN(0,($C$1-$A$1)*24,($B$1-$A$1)*24),"0.0")&" h remaining" -> 18.0 h elapsed 30.0 h remaining
A11: SUMMARY - ALL LOCATIONS
A12: Location | C12: Status | D12: Planned Finish | E12: Forecast Finish | F12: Time Variance | G12: Plan % | H12: Actual % | I12: Buffer to Hand-back | K12: PROGRESS 0 - 100% coloured bar = actual % black line = DATA DATE
A13: C263 – KM 209+025 (1 cell) | C13: =IF(COUNTIF('Data Input'!X27:X52,"!*")>0,"CHECK INPUT",IF(I13<0,"AT RISK",IF(F13>0.1,"BEHIND",IF(I13<2,"TIGHT",IF(F13<-0.1,"AHEAD","ON TIME"))))) -> AT RISK | D13: =MAX('Data Input'!D27:D52) -> 46313.042 | E13: ='Data Input'!W53 -> 46313.792 | F13: =ROUND('Data Input'!X53,1) -> 18 | G13: =IF(SUM('Data Input'!E27:E52)=0,0,SUMPRODUCT('Data Input'!E27:E52,'Data Input'!T27:T52)/SUM('Data Input'!E27:E52)) -> 0.39215686 | H13: =IF(SUM('Data Input'!E27:E52)=0,0,SUMPRODUCT('Data Input'!E27:E52,'Data Input'!S27:S52)/SUM('Data Input'!E27:E52)) -> 0 | I13: =ROUND(('Data Input'!$N$8-E13)*24,1) -> -19
A14: C265 – KM 210+525 (3 cells) | C14: =IF(COUNTIF('Data Input'!X57:X82,"!*")>0,"CHECK INPUT",IF(I14<0,"AT RISK",IF(F14>0.1,"BEHIND",IF(I14<2,"TIGHT",IF(F14<-0.1,"AHEAD","ON TIME"))))) -> AT RISK | D14: =MAX('Data Input'!D57:D82) -> 46312.917 | E14: ='Data Input'!W83 -> 46313.667 | F14: =ROUND('Data Input'!X83,1) -> 18 | G14: =IF(SUM('Data Input'!E57:E82)=0,0,SUMPRODUCT('Data Input'!E57:E82,'Data Input'!T57:T82)/SUM('Data Input'!E57:E82)) -> 0.41666667 | H14: =IF(SUM('Data Input'!E57:E82)=0,0,SUMPRODUCT('Data Input'!E57:E82,'Data Input'!S57:S82)/SUM('Data Input'!E57:E82)) -> 0 | I14: =ROUND(('Data Input'!$N$8-E14)*24,1) -> -16
A15: C267 – KM 212+400 (3 cells) | C15: =IF(COUNTIF('Data Input'!X87:X112,"!*")>0,"CHECK INPUT",IF(I15<0,"AT RISK",IF(F15>0.1,"BEHIND",IF(I15<2,"TIGHT",IF(F15<-0.1,"AHEAD","ON TIME"))))) -> AT RISK | D15: =MAX('Data Input'!D87:D112) -> 46312.625 | E15: ='Data Input'!W113 -> 46313.375 | F15: =ROUND('Data Input'!X113,1) -> 18 | G15: =IF(SUM('Data Input'!E87:E112)=0,0,SUMPRODUCT('Data Input'!E87:E112,'Data Input'!T87:T112)/SUM('Data Input'!E87:E112)) -> 0.48780488 | H15: =IF(SUM('Data Input'!E87:E112)=0,0,SUMPRODUCT('Data Input'!E87:E112,'Data Input'!S87:S112)/SUM('Data Input'!E87:E112)) -> 0 | I15: =ROUND(('Data Input'!$N$8-E15)*24,1) -> -9
A16: C288 – KM 337+391 (3 cells) | C16: =IF(COUNTIF('Data Input'!X117:X142,"!*")>0,"CHECK INPUT",IF(I16<0,"AT RISK",IF(F16>0.1,"BEHIND",IF(I16<2,"TIGHT",IF(F16<-0.1,"AHEAD","ON TIME"))))) -> AT RISK | D16: =MAX('Data Input'!D117:D142) -> 46312.958 | E16: ='Data Input'!W143 -> 46313.708 | F16: =ROUND('Data Input'!X143,1) -> 18 | G16: =IF(SUM('Data Input'!E117:E142)=0,0,SUMPRODUCT('Data Input'!E117:E142,'Data Input'!T117:T142)/SUM('Data Input'!E117:E142)) -> 0.38297872 | H16: =IF(SUM('Data Input'!E117:E142)=0,0,SUMPRODUCT('Data Input'!E117:E142,'Data Input'!S117:S142)/SUM('Data Input'!E117:E142)) -> 0 | I16: =ROUND(('Data Input'!$N$8-E16)*24,1) -> -17
A17: C289 – KM 338+491 (3 cells) | C17: =IF(COUNTIF('Data Input'!X147:X172,"!*")>0,"CHECK INPUT",IF(I17<0,"AT RISK",IF(F17>0.1,"BEHIND",IF(I17<2,"TIGHT",IF(F17<-0.1,"AHEAD","ON TIME"))))) -> AT RISK | D17: =MAX('Data Input'!D147:D172) -> 46313.042 | E17: ='Data Input'!W173 -> 46313.792 | F17: =ROUND('Data Input'!X173,1) -> 18 | G17: =IF(SUM('Data Input'!E147:E172)=0,0,SUMPRODUCT('Data Input'!E147:E172,'Data Input'!T147:T172)/SUM('Data Input'!E147:E172)) -> 0.39215686 | H17: =IF(SUM('Data Input'!E147:E172)=0,0,SUMPRODUCT('Data Input'!E147:E172,'Data Input'!S147:S172)/SUM('Data Input'!E147:E172)) -> 0 | I17: =ROUND(('Data Input'!$N$8-E17)*24,1) -> -19
A18: ALL LOCATIONS | C18: =IF(MIN(I13:I17)<0,"AT RISK",IF(MAX(F13:F17)>0.1,"BEHIND",IF(MIN(I13:I17)<2,"TIGHT","ON TIME"))) -> AT RISK | D18: =MAX(D13:D17) -> 46313.042 | E18: =MAX(E13:E17) -> 46313.792 | F18: =ROUND(MAX(F13:F17),1) -> 18 | G18: =AVERAGE(G13:G17) -> 0.4143528 | H18: =AVERAGE(H13:H17) -> 0 | I18: =ROUND(MIN(I13:I17),1) -> -19
A20: SITE LAYOUT - SCHEMATIC OVERVIEW
A37: EWR CULVERTS REPLACEMENT PHASE 2 - CULVERT C263 - KM 209+025 - 1 CELL - TSO OTMP / Station 29
A38: =" 1 cell ACTUAL "&TEXT(H13,"0%")&" PLANNED "&TEXT(G13,"0%")&" PLAN FINISH "&TEXT(D13,"ddd dd-mmm hh:mm") -> 1 cell ACTUAL 0% PLANNED 39% PLAN FINISH Sun 18-Oct 01:00 | K38: =C13&" FORECAST "&TEXT(E13,"ddd dd-mmm hh:mm")&" "&TEXT(ABS(F13),"0.0")&IF(F13>0," h LATE",IF(F13<0," h EARLY"," h")) -> AT RISK FORECAST Sun 18-Oct 19:00 18.0 h LATE
A39: No | B39: Activity | C39: Status | D39: Planned Finish | E39: Forecast Finish | F39: Time Variance | G39: Plan % | H39: Act. % | I39: Buffer to Hand-back | K39: =UPPER(TEXT($A$1+($D$1+0*$E$1)/24,"ddd dd-mmm hh:mm")&" to "&TEXT($A$1+($D$1+24*$E$1)/24,"ddd dd-mmm hh:mm")) -> FRI 16-OCT 00:00 TO SAT 17-OCT 00:00 | AI39: =UPPER(TEXT($A$1+($D$1+24*$E$1)/24,"ddd dd-mmm hh:mm")&" to "&TEXT($A$1+($D$1+48*$E$1)/24,"ddd dd-mmm hh:mm")) -> SAT 17-OCT 00:00 TO SUN 18-OCT 00:00
K40: =TEXT($A$1+($D$1+0*$E$1)/24,"hh:mm")&" - "&TEXT($A$1+($D$1+6*$E$1)/24,"hh:mm") -> 00:00 - 06:00 | Q40: =TEXT($A$1+($D$1+6*$E$1)/24,"hh:mm")&" - "&TEXT($A$1+($D$1+12*$E$1)/24,"hh:mm") -> 06:00 - 12:00 | W40: =TEXT($A$1+($D$1+12*$E$1)/24,"hh:mm")&" - "&TEXT($A$1+($D$1+18*$E$1)/24,"hh:mm") -> 12:00 - 18:00 | AC40: =TEXT($A$1+($D$1+18*$E$1)/24,"hh:mm")&" - "&TEXT($A$1+($D$1+24*$E$1)/24,"hh:mm") -> 18:00 - 00:00 | AI40: =TEXT($A$1+($D$1+24*$E$1)/24,"hh:mm")&" - "&TEXT($A$1+($D$1+30*$E$1)/24,"hh:mm") -> 00:00 - 06:00 | AO40: =TEXT($A$1+($D$1+30*$E$1)/24,"hh:mm")&" - "&TEXT($A$1+($D$1+36*$E$1)/24,"hh:mm") -> 06:00 - 12:00 | AU40: =TEXT($A$1+($D$1+36*$E$1)/24,"hh:mm")&" - "&TEXT($A$1+($D$1+42*$E$1)/24,"hh:mm") -> 12:00 - 18:00 | BA40: =TEXT($A$1+($D$1+42*$E$1)/24,"hh:mm")&" - "&TEXT($A$1+($D$1+48*$E$1)/24,"hh:mm") -> 18:00 - 00:00
A41: ='Data Input'!A27 -> 1 | B41: ='Data Input'!B27 -> OTMP moves from station 29 to Main Line 1 | C41: ='Data Input'!O27 -> NOT STARTED - LATE | D41: ='Data Input'!D27 -> 46311.042 | E41: ='Data Input'!D27+'Data Input'!Y27/24 -> 46311.792 | F41: ='Data Input'!Y27 -> 18 | G41: ='Data Input'!T27 -> 1 | H41: ='Data Input'!S27 -> 0 | J41: P | BH41: =('Data Input'!C27-$A$1)*24 -> 0 | BI41: =('Data Input'!D27-$A$1)*24 -> 1 | BJ41: 1 | BO41: -999 | BP41: -999
J42: A | BH42: =IF($BK42="",-999,($BK42-$A$1)*24) -> -999 | BI42: =IF($BK42="",-999,(IF($BL42<>"",$BL42,IF($C$1>$BK42,$C$1,$BK42+MAX('Data Input'!E27*$BM42,0.5)/24))-$A$1)*24) -> -999 | BJ42: =IF($BK42="",0,IF($BM42>=1,IF($BN42<=0,2,3),IF($BN42<=0,4,5))) -> 0 | BK42: =IF('Data Input'!Q27="","",'Data Input'!Q27) | BL42: =IF('Data Input'!R27="","",'Data Input'!R27) | BM42: ='Data Input'!S27 -> 0 | BN42: ='Data Input'!Y27 -> 18 | BO42: =IF($BM42>=1,-999,MAX(($C$1-$A$1)*24,IF($BK42<>"",$BI42,$BP42-'Data Input'!E27))) -> 18 | BP42: =('Data Input'!D27+'Data Input'!Y27/24-$A$1)*24 -> 19
A43: ='Data Input'!A28 -> 2 | B43: ='Data Input'!B28 -> Track removal & panel evacuation (Line 1) | C43: ='Data Input'!O28 -> NOT STARTED - LATE | D43: ='Data Input'!D28 -> 46311.083 | E43: ='Data Input'!D28+'Data Input'!Y28/24 -> 46311.833 | F43: ='Data Input'!Y28 -> 18 | G43: ='Data Input'!T28 -> 1 | H43: ='Data Input'!S28 -> 0 | J43: P | BH43: =('Data Input'!C28-$A$1)*24 -> 1 | BI43: =('Data Input'!D28-$A$1)*24 -> 2 | BJ43: 1 | BO43: -999 | BP43: -999
J44: A | BH44: =IF($BK44="",-999,($BK44-$A$1)*24) -> -999 | BI44: =IF($BK44="",-999,(IF($BL44<>"",$BL44,IF($C$1>$BK44,$C$1,$BK44+MAX('Data Input'!E28*$BM44,0.5)/24))-$A$1)*24) -> -999 | BJ44: =IF($BK44="",0,IF($BM44>=1,IF($BN44<=0,2,3),IF($BN44<=0,4,5))) -> 0 | BK44: =IF('Data Input'!Q28="","",'Data Input'!Q28) | BL44: =IF('Data Input'!R28="","",'Data Input'!R28) | BM44: ='Data Input'!S28 -> 0 | BN44: ='Data Input'!Y28 -> 18 | BO44: =IF($BM44>=1,-999,MAX(($C$1-$A$1)*24,IF($BK44<>"",$BI44,$BP44-'Data Input'!E28))) -> 19 | BP44: =('Data Input'!D28+'Data Input'!Y28/24-$A$1)*24 -> 20
A45: ='Data Input'!A29 -> 3 | B45: ='Data Input'!B29 -> Track removal & panel evacuation (Line 3) | C45: ='Data Input'!O29 -> NOT STARTED - LATE | D45: ='Data Input'!D29 -> 46311.042 | E45: ='Data Input'!D29+'Data Input'!Y29/24 -> 46311.792 | F45: ='Data Input'!Y29 -> 18 | G45: ='Data Input'!T29 -> 1 | H45: ='Data Input'!S29 -> 0 | J45: P | BH45: =('Data Input'!C29-$A$1)*24 -> 0 | BI45: =('Data Input'!D29-$A$1)*24 -> 1 | BJ45: 1 | BO45: -999 | BP45: -999
J46: A | BH46: =IF($BK46="",-999,($BK46-$A$1)*24) -> -999 | BI46: =IF($BK46="",-999,(IF($BL46<>"",$BL46,IF($C$1>$BK46,$C$1,$BK46+MAX('Data Input'!E29*$BM46,0.5)/24))-$A$1)*24) -> -999 | BJ46: =IF($BK46="",0,IF($BM46>=1,IF($BN46<=0,2,3),IF($BN46<=0,4,5))) -> 0 | BK46: =IF('Data Input'!Q29="","",'Data Input'!Q29) | BL46: =IF('Data Input'!R29="","",'Data Input'!R29) | BM46: ='Data Input'!S29 -> 0 | BN46: ='Data Input'!Y29 -> 18 | BO46: =IF($BM46>=1,-999,MAX(($C$1-$A$1)*24,IF($BK46<>"",$BI46,$BP46-'Data Input'!E29))) -> 18 | BP46: =('Data Input'!D29+'Data Input'!Y29/24-$A$1)*24 -> 19
A47: ='Data Input'!A30 -> 4 | B47: ='Data Input'!B30 -> Ballast removal | C47: ='Data Input'!O30 -> NOT STARTED - LATE | D47: ='Data Input'!D30 -> 46311.083 | E47: ='Data Input'!D30+'Data Input'!Y30/24 -> 46311.833 | F47: ='Data Input'!Y30 -> 18 | G47: ='Data Input'!T30 -> 1 | H47: ='Data Input'!S30 -> 0 | J47: P | BH47: =('Data Input'!C30-$A$1)*24 -> 1 | BI47: =('Data Input'!D30-$A$1)*24 -> 2 | BJ47: 1 | BO47: -999 | BP47: -999
J48: A | BH48: =IF($BK48="",-999,($BK48-$A$1)*24) -> -999 | BI48: =IF($BK48="",-999,(IF($BL48<>"",$BL48,IF($C$1>$BK48,$C$1,$BK48+MAX('Data Input'!E30*$BM48,0.5)/24))-$A$1)*24) -> -999 | BJ48: =IF($BK48="",0,IF($BM48>=1,IF($BN48<=0,2,3),IF($BN48<=0,4,5))) -> 0 | BK48: =IF('Data Input'!Q30="","",'Data Input'!Q30) | BL48: =IF('Data Input'!R30="","",'Data Input'!R30) | BM48: ='Data Input'!S30 -> 0 | BN48: ='Data Input'!Y30 -> 18 | BO48: =IF($BM48>=1,-999,MAX(($C$1-$A$1)*24,IF($BK48<>"",$BI48,$BP48-'Data Input'!E30))) -> 19 | BP48: =('Data Input'!D30+'Data Input'!Y30/24-$A$1)*24 -> 20
A49: ='Data Input'!A31 -> 5 | B49: ='Data Input'!B31 -> Cutting & removal around existing culvert | C49: ='Data Input'!O31 -> NOT STARTED - LATE | D49: ='Data Input'!D31 -> 46311.208 | E49: ='Data Input'!D31+'Data Input'!Y31/24 -> 46311.958 | F49: ='Data Input'!Y31 -> 18 | G49: ='Data Input'!T31 -> 1 | H49: ='Data Input'!S31 -> 0 | J49: P | BH49: =('Data Input'!C31-$A$1)*24 -> 2 | BI49: =('Data Input'!D31-$A$1)*24 -> 5 | BJ49: 1 | BO49: -999 | BP49: -999
J50: A | BH50: =IF($BK50="",-999,($BK50-$A$1)*24) -> -999 | BI50: =IF($BK50="",-999,(IF($BL50<>"",$BL50,IF($C$1>$BK50,$C$1,$BK50+MAX('Data Input'!E31*$BM50,0.5)/24))-$A$1)*24) -> -999 | BJ50: =IF($BK50="",0,IF($BM50>=1,IF($BN50<=0,2,3),IF($BN50<=0,4,5))) -> 0 | BK50: =IF('Data Input'!Q31="","",'Data Input'!Q31) | BL50: =IF('Data Input'!R31="","",'Data Input'!R31) | BM50: ='Data Input'!S31 -> 0 | BN50: ='Data Input'!Y31 -> 18 | BO50: =IF($BM50>=1,-999,MAX(($C$1-$A$1)*24,IF($BK50<>"",$BI50,$BP50-'Data Input'!E31))) -> 20 | BP50: =('Data Input'!D31+'Data Input'!Y31/24-$A$1)*24 -> 23
A51: ='Data Input'!A32 -> 6 | B51: ='Data Input'!B32 -> Demolition of existing culvert | C51: ='Data Input'!O32 -> NOT STARTED - LATE | D51: ='Data Input'!D32 -> 46311.375 | E51: ='Data Input'!D32+'Data Input'!Y32/24 -> 46312.125 | F51: ='Data Input'!Y32 -> 18 | G51: ='Data Input'!T32 -> 1 | H51: ='Data Input'!S32 -> 0 | J51: P | BH51: =('Data Input'!C32-$A$1)*24 -> 5 | BI51: =('Data Input'!D32-$A$1)*24 -> 9 | BJ51: 1 | BO51: -999 | BP51: -999
J52: A | BH52: =IF($BK52="",-999,($BK52-$A$1)*24) -> -999 | BI52: =IF($BK52="",-999,(IF($BL52<>"",$BL52,IF($C$1>$BK52,$C$1,$BK52+MAX('Data Input'!E32*$BM52,0.5)/24))-$A$1)*24) -> -999 | BJ52: =IF($BK52="",0,IF($BM52>=1,IF($BN52<=0,2,3),IF($BN52<=0,4,5))) -> 0 | BK52: =IF('Data Input'!Q32="","",'Data Input'!Q32) | BL52: =IF('Data Input'!R32="","",'Data Input'!R32) | BM52: ='Data Input'!S32 -> 0 | BN52: ='Data Input'!Y32 -> 18 | BO52: =IF($BM52>=1,-999,MAX(($C$1-$A$1)*24,IF($BK52<>"",$BI52,$BP52-'Data Input'!E32))) -> 23 | BP52: =('Data Input'!D32+'Data Input'!Y32/24-$A$1)*24 -> 27
A53: ='Data Input'!A33 -> 7 | B53: ='Data Input'!B33 -> Surface preparation for precast installation | C53: ='Data Input'!O33 -> NOT STARTED - LATE | D53: ='Data Input'!D33 -> 46311.458 | E53: ='Data Input'!D33+'Data Input'!Y33/24 -> 46312.208 | F53: ='Data Input'!Y33 -> 18 | G53: ='Data Input'!T33 -> 1 | H53: ='Data Input'!S33 -> 0 | J53: P | BH53: =('Data Input'!C33-$A$1)*24 -> 9 | BI53: =('Data Input'!D33-$A$1)*24 -> 11 | BJ53: 1 | BO53: -999 | BP53: -999
J54: A | BH54: =IF($BK54="",-999,($BK54-$A$1)*24) -> -999 | BI54: =IF($BK54="",-999,(IF($BL54<>"",$BL54,IF($C$1>$BK54,$C$1,$BK54+MAX('Data Input'!E33*$BM54,0.5)/24))-$A$1)*24) -> -999 | BJ54: =IF($BK54="",0,IF($BM54>=1,IF($BN54<=0,2,3),IF($BN54<=0,4,5))) -> 0 | BK54: =IF('Data Input'!Q33="","",'Data Input'!Q33) | BL54: =IF('Data Input'!R33="","",'Data Input'!R33) | BM54: ='Data Input'!S33 -> 0 | BN54: ='Data Input'!Y33 -> 18 | BO54: =IF($BM54>=1,-999,MAX(($C$1-$A$1)*24,IF($BK54<>"",$BI54,$BP54-'Data Input'!E33))) -> 27 | BP54: =('Data Input'!D33+'Data Input'!Y33/24-$A$1)*24 -> 29
A55: ='Data Input'!A34 -> 8 | B55: ='Data Input'!B34 -> Installation of new precast culvert | C55: ='Data Input'!O34 -> NOT STARTED - LATE | D55: ='Data Input'!D34 -> 46311.667 | E55: ='Data Input'!D34+'Data Input'!Y34/24 -> 46312.417 | F55: ='Data Input'!Y34 -> 18 | G55: ='Data Input'!T34 -> 1 | H55: ='Data Input'!S34 -> 0 | J55: P | BH55: =('Data Input'!C34-$A$1)*24 -> 11 | BI55: =('Data Input'!D34-$A$1)*24 -> 16 | BJ55: 1 | BO55: -999 | BP55: -999
J56: A | BH56: =IF($BK56="",-999,($BK56-$A$1)*24) -> -999 | BI56: =IF($BK56="",-999,(IF($BL56<>"",$BL56,IF($C$1>$BK56,$C$1,$BK56+MAX('Data Input'!E34*$BM56,0.5)/24))-$A$1)*24) -> -999 | BJ56: =IF($BK56="",0,IF($BM56>=1,IF($BN56<=0,2,3),IF($BN56<=0,4,5))) -> 0 | BK56: =IF('Data Input'!Q34="","",'Data Input'!Q34) | BL56: =IF('Data Input'!R34="","",'Data Input'!R34) | BM56: ='Data Input'!S34 -> 0 | BN56: ='Data Input'!Y34 -> 18 | BO56: =IF($BM56>=1,-999,MAX(($C$1-$A$1)*24,IF($BK56<>"",$BI56,$BP56-'Data Input'!E34))) -> 29 | BP56: =('Data Input'!D34+'Data Input'!Y34/24-$A$1)*24 -> 34
A57: ='Data Input'!A35 -> 9 | B57: ='Data Input'!B35 -> Apply sealant to the culvert | C57: ='Data Input'!O35 -> NOT STARTED - LATE | D57: ='Data Input'!D35 -> 46311.75 | E57: ='Data Input'!D35+'Data Input'!Y35/24 -> 46312.5 | F57: ='Data Input'!Y35 -> 18 | G57: ='Data Input'!T35 -> 1 | H57: ='Data Input'!S35 -> 0 | J57: P | BH57: =('Data Input'!C35-$A$1)*24 -> 16 | BI57: =('Data Input'!D35-$A$1)*24 -> 18 | BJ57: 1 | BO57: -999 | BP57: -999
J58: A | BH58: =IF($BK58="",-999,($BK58-$A$1)*24) -> -999 | BI58: =IF($BK58="",-999,(IF($BL58<>"",$BL58,IF($C$1>$BK58,$C$1,$BK58+MAX('Data Input'!E35*$BM58,0.5)/24))-$A$1)*24) -> -999 | BJ58: =IF($BK58="",0,IF($BM58>=1,IF($BN58<=0,2,3),IF($BN58<=0,4,5))) -> 0 | BK58: =IF('Data Input'!Q35="","",'Data Input'!Q35) | BL58: =IF('Data Input'!R35="","",'Data Input'!R35) | BM58: ='Data Input'!S35 -> 0 | BN58: ='Data Input'!Y35 -> 18 | BO58: =IF($BM58>=1,-999,MAX(($C$1-$A$1)*24,IF($BK58<>"",$BI58,$BP58-'Data Input'!E35))) -> 34 | BP58: =('Data Input'!D35+'Data Input'!Y35/24-$A$1)*24 -> 36
A59: ='Data Input'!A36 -> 10 | B59: ='Data Input'!B36 -> Backfill around culvert to subgrade level | C59: ='Data Input'!O36 -> NOT STARTED - LATE | D59: ='Data Input'!D36 -> 46311.958 | E59: ='Data Input'!D36+'Data Input'!Y36/24 -> 46312.708 | F59: ='Data Input'!Y36 -> 18 | G59: ='Data Input'!T36 -> 0 | H59: ='Data Input'!S36 -> 0 | J59: P | BH59: =('Data Input'!C36-$A$1)*24 -> 18 | BI59: =('Data Input'!D36-$A$1)*24 -> 23 | BJ59: 1 | BO59: -999 | BP59: -999
J60: A | BH60: =IF($BK60="",-999,($BK60-$A$1)*24) -> -999 | BI60: =IF($BK60="",-999,(IF($BL60<>"",$BL60,IF($C$1>$BK60,$C$1,$BK60+MAX('Data Input'!E36*$BM60,0.5)/24))-$A$1)*24) -> -999 | BJ60: =IF($BK60="",0,IF($BM60>=1,IF($BN60<=0,2,3),IF($BN60<=0,4,5))) -> 0 | BK60: =IF('Data Input'!Q36="","",'Data Input'!Q36) | BL60: =IF('Data Input'!R36="","",'Data Input'!R36) | BM60: ='Data Input'!S36 -> 0 | BN60: ='Data Input'!Y36 -> 18 | BO60: =IF($BM60>=1,-999,MAX(($C$1-$A$1)*24,IF($BK60<>"",$BI60,$BP60-'Data Input'!E36))) -> 36 | BP60: =('Data Input'!D36+'Data Input'!Y36/24-$A$1)*24 -> 41
A61: ='Data Input'!A37 -> 11 | B61: ='Data Input'!B37 -> Backfill Subgrade | C61: ='Data Input'!O37 -> Not Started | D61: ='Data Input'!D37 -> 46312.042 | E61: ='Data Input'!D37+'Data Input'!Y37/24 -> 46312.792 | F61: ='Data Input'!Y37 -> 18 | G61: ='Data Input'!T37 -> 0 | H61: ='Data Input'!S37 -> 0 | J61: P | BH61: =('Data Input'!C37-$A$1)*24 -> 23 | BI61: =('Data Input'!D37-$A$1)*24 -> 25 | BJ61: 1 | BO61: -999 | BP61: -999
J62: A | BH62: =IF($BK62="",-999,($BK62-$A$1)*24) -> -999 | BI62: =IF($BK62="",-999,(IF($BL62<>"",$BL62,IF($C$1>$BK62,$C$1,$BK62+MAX('Data Input'!E37*$BM62,0.5)/24))-$A$1)*24) -> -999 | BJ62: =IF($BK62="",0,IF($BM62>=1,IF($BN62<=0,2,3),IF($BN62<=0,4,5))) -> 0 | BK62: =IF('Data Input'!Q37="","",'Data Input'!Q37) | BL62: =IF('Data Input'!R37="","",'Data Input'!R37) | BM62: ='Data Input'!S37 -> 0 | BN62: ='Data Input'!Y37 -> 18 | BO62: =IF($BM62>=1,-999,MAX(($C$1-$A$1)*24,IF($BK62<>"",$BI62,$BP62-'Data Input'!E37))) -> 41 | BP62: =('Data Input'!D37+'Data Input'!Y37/24-$A$1)*24 -> 43
A63: ='Data Input'!A38 -> 12 | B63: ='Data Input'!B38 -> First layer of ballast (Line 1) | C63: ='Data Input'!O38 -> Not Started | D63: ='Data Input'!D38 -> 46312.083 | E63: ='Data Input'!D38+'Data Input'!Y38/24 -> 46312.833 | F63: ='Data Input'!Y38 -> 18 | G63: ='Data Input'!T38 -> 0 | H63: ='Data Input'!S38 -> 0 | J63: P | BH63: =('Data Input'!C38-$A$1)*24 -> 25 | BI63: =('Data Input'!D38-$A$1)*24 -> 26 | BJ63: 1 | BO63: -999 | BP63: -999
J64: A | BH64: =IF($BK64="",-999,($BK64-$A$1)*24) -> -999 | BI64: =IF($BK64="",-999,(IF($BL64<>"",$BL64,IF($C$1>$BK64,$C$1,$BK64+MAX('Data Input'!E38*$BM64,0.5)/24))-$A$1)*24) -> -999 | BJ64: =IF($BK64="",0,IF($BM64>=1,IF($BN64<=0,2,3),IF($BN64<=0,4,5))) -> 0 | BK64: =IF('Data Input'!Q38="","",'Data Input'!Q38) | BL64: =IF('Data Input'!R38="","",'Data Input'!R38) | BM64: ='Data Input'!S38 -> 0 | BN64: ='Data Input'!Y38 -> 18 | BO64: =IF($BM64>=1,-999,MAX(($C$1-$A$1)*24,IF($BK64<>"",$BI64,$BP64-'Data Input'!E38))) -> 43 | BP64: =('Data Input'!D38+'Data Input'!Y38/24-$A$1)*24 -> 44
A65: ='Data Input'!A39 -> 13 | B65: ='Data Input'!B39 -> First layer of ballast (Line 3) | C65: ='Data Input'!O39 -> Not Started | D65: ='Data Input'!D39 -> 46312.125 | E65: ='Data Input'!D39+'Data Input'!Y39/24 -> 46312.875 | F65: ='Data Input'!Y39 -> 18 | G65: ='Data Input'!T39 -> 0 | H65: ='Data Input'!S39 -> 0 | J65: P | BH65: =('Data Input'!C39-$A$1)*24 -> 26 | BI65: =('Data Input'!D39-$A$1)*24 -> 27 | BJ65: 1 | BO65: -999 | BP65: -999
J66: A | BH66: =IF($BK66="",-999,($BK66-$A$1)*24) -> -999 | BI66: =IF($BK66="",-999,(IF($BL66<>"",$BL66,IF($C$1>$BK66,$C$1,$BK66+MAX('Data Input'!E39*$BM66,0.5)/24))-$A$1)*24) -> -999 | BJ66: =IF($BK66="",0,IF($BM66>=1,IF($BN66<=0,2,3),IF($BN66<=0,4,5))) -> 0 | BK66: =IF('Data Input'!Q39="","",'Data Input'!Q39) | BL66: =IF('Data Input'!R39="","",'Data Input'!R39) | BM66: ='Data Input'!S39 -> 0 | BN66: ='Data Input'!Y39 -> 18 | BO66: =IF($BM66>=1,-999,MAX(($C$1-$A$1)*24,IF($BK66<>"",$BI66,$BP66-'Data Input'!E39))) -> 44 | BP66: =('Data Input'!D39+'Data Input'!Y39/24-$A$1)*24 -> 45
A67: ='Data Input'!A40 -> 14 | B67: ='Data Input'!B40 -> Track installation (Line 1) | C67: ='Data Input'!O40 -> Not Started | D67: ='Data Input'!D40 -> 46312.167 | E67: ='Data Input'!D40+'Data Input'!Y40/24 -> 46312.917 | F67: ='Data Input'!Y40 -> 18 | G67: ='Data Input'!T40 -> 0 | H67: ='Data Input'!S40 -> 0 | J67: P | BH67: =('Data Input'!C40-$A$1)*24 -> 27 | BI67: =('Data Input'!D40-$A$1)*24 -> 28 | BJ67: 1 | BO67: -999 | BP67: -999
J68: A | BH68: =IF($BK68="",-999,($BK68-$A$1)*24) -> -999 | BI68: =IF($BK68="",-999,(IF($BL68<>"",$BL68,IF($C$1>$BK68,$C$1,$BK68+MAX('Data Input'!E40*$BM68,0.5)/24))-$A$1)*24) -> -999 | BJ68: =IF($BK68="",0,IF($BM68>=1,IF($BN68<=0,2,3),IF($BN68<=0,4,5))) -> 0 | BK68: =IF('Data Input'!Q40="","",'Data Input'!Q40) | BL68: =IF('Data Input'!R40="","",'Data Input'!R40) | BM68: ='Data Input'!S40 -> 0 | BN68: ='Data Input'!Y40 -> 18 | BO68: =IF($BM68>=1,-999,MAX(($C$1-$A$1)*24,IF($BK68<>"",$BI68,$BP68-'Data Input'!E40))) -> 45 | BP68: =('Data Input'!D40+'Data Input'!Y40/24-$A$1)*24 -> 46
A69: ='Data Input'!A41 -> 15 | B69: ='Data Input'!B41 -> Track installation (Line 3) | C69: ='Data Input'!O41 -> Not Started | D69: ='Data Input'!D41 -> 46312.208 | E69: ='Data Input'!D41+'Data Input'!Y41/24 -> 46312.958 | F69: ='Data Input'!Y41 -> 18 | G69: ='Data Input'!T41 -> 0 | H69: ='Data Input'!S41 -> 0 | J69: P | BH69: =('Data Input'!C41-$A$1)*24 -> 28 | BI69: =('Data Input'!D41-$A$1)*24 -> 29 | BJ69: 1 | BO69: -999 | BP69: -999
J70: A | BH70: =IF($BK70="",-999,($BK70-$A$1)*24) -> -999 | BI70: =IF($BK70="",-999,(IF($BL70<>"",$BL70,IF($C$1>$BK70,$C$1,$BK70+MAX('Data Input'!E41*$BM70,0.5)/24))-$A$1)*24) -> -999 | BJ70: =IF($BK70="",0,IF($BM70>=1,IF($BN70<=0,2,3),IF($BN70<=0,4,5))) -> 0 | BK70: =IF('Data Input'!Q41="","",'Data Input'!Q41) | BL70: =IF('Data Input'!R41="","",'Data Input'!R41) | BM70: ='Data Input'!S41 -> 0 | BN70: ='Data Input'!Y41 -> 18 | BO70: =IF($BM70>=1,-999,MAX(($C$1-$A$1)*24,IF($BK70<>"",$BI70,$BP70-'Data Input'!E41))) -> 46 | BP70: =('Data Input'!D41+'Data Input'!Y41/24-$A$1)*24 -> 47
A71: ='Data Input'!A42 -> 16 | B71: ='Data Input'!B42 -> 1st & 2nd Ballasting / Tamping (Line 1) | C71: ='Data Input'!O42 -> Not Started | D71: ='Data Input'!D42 -> 46312.25 | E71: ='Data Input'!D42+'Data Input'!Y42/24 -> 46313 | F71: ='Data Input'!Y42 -> 18 | G71: ='Data Input'!T42 -> 0 | H71: ='Data Input'!S42 -> 0 | J71: P | BH71: =('Data Input'!C42-$A$1)*24 -> 29 | BI71: =('Data Input'!D42-$A$1)*24 -> 30 | BJ71: 1 | BO71: -999 | BP71: -999
J72: A | BH72: =IF($BK72="",-999,($BK72-$A$1)*24) -> -999 | BI72: =IF($BK72="",-999,(IF($BL72<>"",$BL72,IF($C$1>$BK72,$C$1,$BK72+MAX('Data Input'!E42*$BM72,0.5)/24))-$A$1)*24) -> -999 | BJ72: =IF($BK72="",0,IF($BM72>=1,IF($BN72<=0,2,3),IF($BN72<=0,4,5))) -> 0 | BK72: =IF('Data Input'!Q42="","",'Data Input'!Q42) | BL72: =IF('Data Input'!R42="","",'Data Input'!R42) | BM72: ='Data Input'!S42 -> 0 | BN72: ='Data Input'!Y42 -> 18 | BO72: =IF($BM72>=1,-999,MAX(($C$1-$A$1)*24,IF($BK72<>"",$BI72,$BP72-'Data Input'!E42))) -> 47 | BP72: =('Data Input'!D42+'Data Input'!Y42/24-$A$1)*24 -> 48
A73: ='Data Input'!A43 -> 17 | B73: ='Data Input'!B43 -> Final Ballasting / Tamping (Line 1) | C73: ='Data Input'!O43 -> Not Started | D73: ='Data Input'!D43 -> 46312.292 | E73: ='Data Input'!D43+'Data Input'!Y43/24 -> 46313.042 | F73: ='Data Input'!Y43 -> 18 | G73: ='Data Input'!T43 -> 0 | H73: ='Data Input'!S43 -> 0 | J73: P | BH73: =('Data Input'!C43-$A$1)*24 -> 30 | BI73: =('Data Input'!D43-$A$1)*24 -> 31 | BJ73: 1 | BO73: -999 | BP73: -999
J74: A | BH74: =IF($BK74="",-999,($BK74-$A$1)*24) -> -999 | BI74: =IF($BK74="",-999,(IF($BL74<>"",$BL74,IF($C$1>$BK74,$C$1,$BK74+MAX('Data Input'!E43*$BM74,0.5)/24))-$A$1)*24) -> -999 | BJ74: =IF($BK74="",0,IF($BM74>=1,IF($BN74<=0,2,3),IF($BN74<=0,4,5))) -> 0 | BK74: =IF('Data Input'!Q43="","",'Data Input'!Q43) | BL74: =IF('Data Input'!R43="","",'Data Input'!R43) | BM74: ='Data Input'!S43 -> 0 | BN74: ='Data Input'!Y43 -> 18 | BO74: =IF($BM74>=1,-999,MAX(($C$1-$A$1)*24,IF($BK74<>"",$BI74,$BP74-'Data Input'!E43))) -> 48 | BP74: =('Data Input'!D43+'Data Input'!Y43/24-$A$1)*24 -> 49
A75: ='Data Input'!A44 -> 18 | B75: ='Data Input'!B44 -> OTMP moves from line 1 to Line 3 TK 121+000 | C75: ='Data Input'!O44 -> Not Started | D75: ='Data Input'!D44 -> 46312.333 | E75: ='Data Input'!D44+'Data Input'!Y44/24 -> 46313.083 | F75: ='Data Input'!Y44 -> 18 | G75: ='Data Input'!T44 -> 0 | H75: ='Data Input'!S44 -> 0 | J75: P | BH75: =('Data Input'!C44-$A$1)*24 -> 31 | BI75: =('Data Input'!D44-$A$1)*24 -> 32 | BJ75: 1 | BO75: -999 | BP75: -999
J76: A | BH76: =IF($BK76="",-999,($BK76-$A$1)*24) -> -999 | BI76: =IF($BK76="",-999,(IF($BL76<>"",$BL76,IF($C$1>$BK76,$C$1,$BK76+MAX('Data Input'!E44*$BM76,0.5)/24))-$A$1)*24) -> -999 | BJ76: =IF($BK76="",0,IF($BM76>=1,IF($BN76<=0,2,3),IF($BN76<=0,4,5))) -> 0 | BK76: =IF('Data Input'!Q44="","",'Data Input'!Q44) | BL76: =IF('Data Input'!R44="","",'Data Input'!R44) | BM76: ='Data Input'!S44 -> 0 | BN76: ='Data Input'!Y44 -> 18 | BO76: =IF($BM76>=1,-999,MAX(($C$1-$A$1)*24,IF($BK76<>"",$BI76,$BP76-'Data Input'!E44))) -> 49 | BP76: =('Data Input'!D44+'Data Input'!Y44/24-$A$1)*24 -> 50
A77: ='Data Input'!A45 -> 19 | B77: ='Data Input'!B45 -> ATW – 2U (out of destressing) (Line 1) | C77: ='Data Input'!O45 -> Not Started | D77: ='Data Input'!D45 -> 46312.417 | E77: ='Data Input'!D45+'Data Input'!Y45/24 -> 46313.167 | F77: ='Data Input'!Y45 -> 18 | G77: ='Data Input'!T45 -> 0 | H77: ='Data Input'!S45 -> 0 | J77: P | BH77: =('Data Input'!C45-$A$1)*24 -> 32 | BI77: =('Data Input'!D45-$A$1)*24 -> 34 | BJ77: 1 | BO77: -999 | BP77: -999
J78: A | BH78: =IF($BK78="",-999,($BK78-$A$1)*24) -> -999 | BI78: =IF($BK78="",-999,(IF($BL78<>"",$BL78,IF($C$1>$BK78,$C$1,$BK78+MAX('Data Input'!E45*$BM78,0.5)/24))-$A$1)*24) -> -999 | BJ78: =IF($BK78="",0,IF($BM78>=1,IF($BN78<=0,2,3),IF($BN78<=0,4,5))) -> 0 | BK78: =IF('Data Input'!Q45="","",'Data Input'!Q45) | BL78: =IF('Data Input'!R45="","",'Data Input'!R45) | BM78: ='Data Input'!S45 -> 0 | BN78: ='Data Input'!Y45 -> 18 | BO78: =IF($BM78>=1,-999,MAX(($C$1-$A$1)*24,IF($BK78<>"",$BI78,$BP78-'Data Input'!E45))) -> 50 | BP78: =('Data Input'!D45+'Data Input'!Y45/24-$A$1)*24 -> 52
A79: ='Data Input'!A46 -> 20 | B79: ='Data Input'!B46 -> ATW – 2U (out of destressing) (Line 3) | C79: ='Data Input'!O46 -> Not Started | D79: ='Data Input'!D46 -> 46312.5 | E79: ='Data Input'!D46+'Data Input'!Y46/24 -> 46313.25 | F79: ='Data Input'!Y46 -> 18 | G79: ='Data Input'!T46 -> 0 | H79: ='Data Input'!S46 -> 0 | J79: P | BH79: =('Data Input'!C46-$A$1)*24 -> 34 | BI79: =('Data Input'!D46-$A$1)*24 -> 36 | BJ79: 1 | BO79: -999 | BP79: -999
J80: A | BH80: =IF($BK80="",-999,($BK80-$A$1)*24) -> -999 | BI80: =IF($BK80="",-999,(IF($BL80<>"",$BL80,IF($C$1>$BK80,$C$1,$BK80+MAX('Data Input'!E46*$BM80,0.5)/24))-$A$1)*24) -> -999 | BJ80: =IF($BK80="",0,IF($BM80>=1,IF($BN80<=0,2,3),IF($BN80<=0,4,5))) -> 0 | BK80: =IF('Data Input'!Q46="","",'Data Input'!Q46) | BL80: =IF('Data Input'!R46="","",'Data Input'!R46) | BM80: ='Data Input'!S46 -> 0 | BN80: ='Data Input'!Y46 -> 18 | BO80: =IF($BM80>=1,-999,MAX(($C$1-$A$1)*24,IF($BK80<>"",$BI80,$BP80-'Data Input'!E46))) -> 52 | BP80: =('Data Input'!D46+'Data Input'!Y46/24-$A$1)*24 -> 54
A81: ='Data Input'!A47 -> 21 | B81: ='Data Input'!B47 -> 1st & 2nd Ballasting / Tamping (Line 3) | C81: ='Data Input'!O47 -> Not Started | D81: ='Data Input'!D47 -> 46312.542 | E81: ='Data Input'!D47+'Data Input'!Y47/24 -> 46313.292 | F81: ='Data Input'!Y47 -> 18 | G81: ='Data Input'!T47 -> 0 | H81: ='Data Input'!S47 -> 0 | J81: P | BH81: =('Data Input'!C47-$A$1)*24 -> 36 | BI81: =('Data Input'!D47-$A$1)*24 -> 37 | BJ81: 1 | BO81: -999 | BP81: -999
J82: A | BH82: =IF($BK82="",-999,($BK82-$A$1)*24) -> -999 | BI82: =IF($BK82="",-999,(IF($BL82<>"",$BL82,IF($C$1>$BK82,$C$1,$BK82+MAX('Data Input'!E47*$BM82,0.5)/24))-$A$1)*24) -> -999 | BJ82: =IF($BK82="",0,IF($BM82>=1,IF($BN82<=0,2,3),IF($BN82<=0,4,5))) -> 0 | BK82: =IF('Data Input'!Q47="","",'Data Input'!Q47) | BL82: =IF('Data Input'!R47="","",'Data Input'!R47) | BM82: ='Data Input'!S47 -> 0 | BN82: ='Data Input'!Y47 -> 18 | BO82: =IF($BM82>=1,-999,MAX(($C$1-$A$1)*24,IF($BK82<>"",$BI82,$BP82-'Data Input'!E47))) -> 54 | BP82: =('Data Input'!D47+'Data Input'!Y47/24-$A$1)*24 -> 55
A83: ='Data Input'!A48 -> 22 | B83: ='Data Input'!B48 -> Final Ballasting / Tamping (Line 3) | C83: ='Data Input'!O48 -> Not Started | D83: ='Data Input'!D48 -> 46312.583 | E83: ='Data Input'!D48+'Data Input'!Y48/24 -> 46313.333 | F83: ='Data Input'!Y48 -> 18 | G83: ='Data Input'!T48 -> 0 | H83: ='Data Input'!S48 -> 0 | J83: P | BH83: =('Data Input'!C48-$A$1)*24 -> 37 | BI83: =('Data Input'!D48-$A$1)*24 -> 38 | BJ83: 1 | BO83: -999 | BP83: -999
J84: A | BH84: =IF($BK84="",-999,($BK84-$A$1)*24) -> -999 | BI84: =IF($BK84="",-999,(IF($BL84<>"",$BL84,IF($C$1>$BK84,$C$1,$BK84+MAX('Data Input'!E48*$BM84,0.5)/24))-$A$1)*24) -> -999 | BJ84: =IF($BK84="",0,IF($BM84>=1,IF($BN84<=0,2,3),IF($BN84<=0,4,5))) -> 0 | BK84: =IF('Data Input'!Q48="","",'Data Input'!Q48) | BL84: =IF('Data Input'!R48="","",'Data Input'!R48) | BM84: ='Data Input'!S48 -> 0 | BN84: ='Data Input'!Y48 -> 18 | BO84: =IF($BM84>=1,-999,MAX(($C$1-$A$1)*24,IF($BK84<>"",$BI84,$BP84-'Data Input'!E48))) -> 55 | BP84: =('Data Input'!D48+'Data Input'!Y48/24-$A$1)*24 -> 56
A85: ='Data Input'!A49 -> 23 | B85: ='Data Input'!B49 -> OTMP back towards station 29 | C85: ='Data Input'!O49 -> Not Started | D85: ='Data Input'!D49 -> 46312.667 | E85: ='Data Input'!D49+'Data Input'!Y49/24 -> 46313.417 | F85: ='Data Input'!Y49 -> 18 | G85: ='Data Input'!T49 -> 0 | H85: ='Data Input'!S49 -> 0 | J85: P | BH85: =('Data Input'!C49-$A$1)*24 -> 38 | BI85: =('Data Input'!D49-$A$1)*24 -> 40 | BJ85: 1 | BO85: -999 | BP85: -999
J86: A | BH86: =IF($BK86="",-999,($BK86-$A$1)*24) -> -999 | BI86: =IF($BK86="",-999,(IF($BL86<>"",$BL86,IF($C$1>$BK86,$C$1,$BK86+MAX('Data Input'!E49*$BM86,0.5)/24))-$A$1)*24) -> -999 | BJ86: =IF($BK86="",0,IF($BM86>=1,IF($BN86<=0,2,3),IF($BN86<=0,4,5))) -> 0 | BK86: =IF('Data Input'!Q49="","",'Data Input'!Q49) | BL86: =IF('Data Input'!R49="","",'Data Input'!R49) | BM86: ='Data Input'!S49 -> 0 | BN86: ='Data Input'!Y49 -> 18 | BO86: =IF($BM86>=1,-999,MAX(($C$1-$A$1)*24,IF($BK86<>"",$BI86,$BP86-'Data Input'!E49))) -> 56 | BP86: =('Data Input'!D49+'Data Input'!Y49/24-$A$1)*24 -> 58
A87: ='Data Input'!A50 -> 24 | B87: ='Data Input'!B50 -> Destressing (incl. 2 ATW) (Line 1) | C87: ='Data Input'!O50 -> Not Started | D87: ='Data Input'!D50 -> 46312.833 | E87: ='Data Input'!D50+'Data Input'!Y50/24 -> 46313.583 | F87: ='Data Input'!Y50 -> 18 | G87: ='Data Input'!T50 -> 0 | H87: ='Data Input'!S50 -> 0 | J87: P | BH87: =('Data Input'!C50-$A$1)*24 -> 40 | BI87: =('Data Input'!D50-$A$1)*24 -> 44 | BJ87: 1 | BO87: -999 | BP87: -999
J88: A | BH88: =IF($BK88="",-999,($BK88-$A$1)*24) -> -999 | BI88: =IF($BK88="",-999,(IF($BL88<>"",$BL88,IF($C$1>$BK88,$C$1,$BK88+MAX('Data Input'!E50*$BM88,0.5)/24))-$A$1)*24) -> -999 | BJ88: =IF($BK88="",0,IF($BM88>=1,IF($BN88<=0,2,3),IF($BN88<=0,4,5))) -> 0 | BK88: =IF('Data Input'!Q50="","",'Data Input'!Q50) | BL88: =IF('Data Input'!R50="","",'Data Input'!R50) | BM88: ='Data Input'!S50 -> 0 | BN88: ='Data Input'!Y50 -> 18 | BO88: =IF($BM88>=1,-999,MAX(($C$1-$A$1)*24,IF($BK88<>"",$BI88,$BP88-'Data Input'!E50))) -> 58 | BP88: =('Data Input'!D50+'Data Input'!Y50/24-$A$1)*24 -> 62
A89: ='Data Input'!A51 -> 25 | B89: ='Data Input'!B51 -> Destressing (incl. 2 ATW) (Line 3) | C89: ='Data Input'!O51 -> Not Started | D89: ='Data Input'!D51 -> 46313 | E89: ='Data Input'!D51+'Data Input'!Y51/24 -> 46313.75 | F89: ='Data Input'!Y51 -> 18 | G89: ='Data Input'!T51 -> 0 | H89: ='Data Input'!S51 -> 0 | J89: P | BH89: =('Data Input'!C51-$A$1)*24 -> 44 | BI89: =('Data Input'!D51-$A$1)*24 -> 48 | BJ89: 1 | BO89: -999 | BP89: -999
J90: A | BH90: =IF($BK90="",-999,($BK90-$A$1)*24) -> -999 | BI90: =IF($BK90="",-999,(IF($BL90<>"",$BL90,IF($C$1>$BK90,$C$1,$BK90+MAX('Data Input'!E51*$BM90,0.5)/24))-$A$1)*24) -> -999 | BJ90: =IF($BK90="",0,IF($BM90>=1,IF($BN90<=0,2,3),IF($BN90<=0,4,5))) -> 0 | BK90: =IF('Data Input'!Q51="","",'Data Input'!Q51) | BL90: =IF('Data Input'!R51="","",'Data Input'!R51) | BM90: ='Data Input'!S51 -> 0 | BN90: ='Data Input'!Y51 -> 18 | BO90: =IF($BM90>=1,-999,MAX(($C$1-$A$1)*24,IF($BK90<>"",$BI90,$BP90-'Data Input'!E51))) -> 62 | BP90: =('Data Input'!D51+'Data Input'!Y51/24-$A$1)*24 -> 66
A91: ='Data Input'!A52 -> 26 | B91: ='Data Input'!B52 -> Finishing (grinding, stamp, UT, inspection) | C91: ='Data Input'!O52 -> Not Started | D91: ='Data Input'!D52 -> 46313.042 | E91: ='Data Input'!D52+'Data Input'!Y52/24 -> 46313.792 | F91: ='Data Input'!Y52 -> 18 | G91: ='Data Input'!T52 -> 0 | H91: ='Data Input'!S52 -> 0 | J91: P | BH91: =('Data Input'!C52-$A$1)*24 -> 48 | BI91: =('Data Input'!D52-$A$1)*24 -> 49 | BJ91: 1 | BO91: -999 | BP91: -999
J92: A | BH92: =IF($BK92="",-999,($BK92-$A$1)*24) -> -999 | BI92: =IF($BK92="",-999,(IF($BL92<>"",$BL92,IF($C$1>$BK92,$C$1,$BK92+MAX('Data Input'!E52*$BM92,0.5)/24))-$A$1)*24) -> -999 | BJ92: =IF($BK92="",0,IF($BM92>=1,IF($BN92<=0,2,3),IF($BN92<=0,4,5))) -> 0 | BK92: =IF('Data Input'!Q52="","",'Data Input'!Q52) | BL92: =IF('Data Input'!R52="","",'Data Input'!R52) | BM92: ='Data Input'!S52 -> 0 | BN92: ='Data Input'!Y52 -> 18 | BO92: =IF($BM92>=1,-999,MAX(($C$1-$A$1)*24,IF($BK92<>"",$BI92,$BP92-'Data Input'!E52))) -> 66 | BP92: =('Data Input'!D52+'Data Input'!Y52/24-$A$1)*24 -> 67
A93: =" TOTAL - "&'Data Input'!$B$15 -> TOTAL - C263 – KM 209+025 | C93: =C13 -> AT RISK | D93: =D13 -> 46313.042 | E93: =E13 -> 46313.792 | F93: =F13 -> 18 | G93: =G13 -> 0.39215686 | H93: =H13 -> 0 | I93: =I13 -> -19 | K93: ="TOTAL "&TEXT(SUM('Data Input'!E27:E52),"0.0")&" activity hours Possession elapsed "&TEXT(MEDIAN(0,($C$1-$A$1)*24,($B$1-$A$1)*24),"0.0")&" of "&TEXT(($B$1-$A$1)*24,"0.0")&" h Report cut-off "&TEXT($C$1,"ddd dd-mmm hh:mm") -> TOTAL 51.0 activity hours Possession elapsed 18.0 of 48.0 h Report cut-off Fri 16-Oct 18:00
B94: Planned (baseline) | D94: Black line = report cut-off | G94: Time Variance = Forecast vs Planned Finish | P94: Done on time | Y94: Done late | AH94: In progress | AQ94: Behind | AZ94: Forecast
A96: EWR CULVERTS REPLACEMENT PHASE 2 - CULVERT C265 - KM 210+525 - 3 CELLS - TSO OTMP / Station 29
A97: =" 3 cells ACTUAL "&TEXT(H14,"0%")&" PLANNED "&TEXT(G14,"0%")&" PLAN FINISH "&TEXT(D14,"ddd dd-mmm hh:mm") -> 3 cells ACTUAL 0% PLANNED 42% PLAN FINISH Sat 17-Oct 22:00 | K97: =C14&" FORECAST "&TEXT(E14,"ddd dd-mmm hh:mm")&" "&TEXT(ABS(F14),"0.0")&IF(F14>0," h LATE",IF(F14<0," h EARLY"," h")) -> AT RISK FORECAST Sun 18-Oct 16:00 18.0 h LATE
A98: No | B98: Activity | C98: Status | D98: Planned Finish | E98: Forecast Finish | F98: Time Variance | G98: Plan % | H98: Act. % | I98: Buffer to Hand-back | K98: =UPPER(TEXT($A$1+($D$1+0*$E$1)/24,"ddd dd-mmm hh:mm")&" to "&TEXT($A$1+($D$1+24*$E$1)/24,"ddd dd-mmm hh:mm")) -> FRI 16-OCT 00:00 TO SAT 17-OCT 00:00 | AI98: =UPPER(TEXT($A$1+($D$1+24*$E$1)/24,"ddd dd-mmm hh:mm")&" to "&TEXT($A$1+($D$1+48*$E$1)/24,"ddd dd-mmm hh:mm")) -> SAT 17-OCT 00:00 TO SUN 18-OCT 00:00
K99: =TEXT($A$1+($D$1+0*$E$1)/24,"hh:mm")&" - "&TEXT($A$1+($D$1+6*$E$1)/24,"hh:mm") -> 00:00 - 06:00 | Q99: =TEXT($A$1+($D$1+6*$E$1)/24,"hh:mm")&" - "&TEXT($A$1+($D$1+12*$E$1)/24,"hh:mm") -> 06:00 - 12:00 | W99: =TEXT($A$1+($D$1+12*$E$1)/24,"hh:mm")&" - "&TEXT($A$1+($D$1+18*$E$1)/24,"hh:mm") -> 12:00 - 18:00 | AC99: =TEXT($A$1+($D$1+18*$E$1)/24,"hh:mm")&" - "&TEXT($A$1+($D$1+24*$E$1)/24,"hh:mm") -> 18:00 - 00:00 | AI99: =TEXT($A$1+($D$1+24*$E$1)/24,"hh:mm")&" - "&TEXT($A$1+($D$1+30*$E$1)/24,"hh:mm") -> 00:00 - 06:00 | AO99: =TEXT($A$1+($D$1+30*$E$1)/24,"hh:mm")&" - "&TEXT($A$1+($D$1+36*$E$1)/24,"hh:mm") -> 06:00 - 12:00 | AU99: =TEXT($A$1+($D$1+36*$E$1)/24,"hh:mm")&" - "&TEXT($A$1+($D$1+42*$E$1)/24,"hh:mm") -> 12:00 - 18:00 | BA99: =TEXT($A$1+($D$1+42*$E$1)/24,"hh:mm")&" - "&TEXT($A$1+($D$1+48*$E$1)/24,"hh:mm") -> 18:00 - 00:00
A100: ='Data Input'!A57 -> 1 | B100: ='Data Input'!B57 -> OTMP moves from station 29 to Main Line 1 | C100: ='Data Input'!O57 -> NOT STARTED - LATE | D100: ='Data Input'!D57 -> 46311.042 | E100: ='Data Input'!D57+'Data Input'!Y57/24 -> 46311.792 | F100: ='Data Input'!Y57 -> 18 | G100: ='Data Input'!T57 -> 1 | H100: ='Data Input'!S57 -> 0 | J100: P | BH100: =('Data Input'!C57-$A$1)*24 -> 0 | BI100: =('Data Input'!D57-$A$1)*24 -> 1 | BJ100: 1 | BO100: -999 | BP100: -999
J101: A | BH101: =IF($BK101="",-999,($BK101-$A$1)*24) -> -999 | BI101: =IF($BK101="",-999,(IF($BL101<>"",$BL101,IF($C$1>$BK101,$C$1,$BK101+MAX('Data Input'!E57*$BM101,0.5)/24))-$A$1)*24) -> -999 | BJ101: =IF($BK101="",0,IF($BM101>=1,IF($BN101<=0,2,3),IF($BN101<=0,4,5))) -> 0 | BK101: =IF('Data Input'!Q57="","",'Data Input'!Q57) | BL101: =IF('Data Input'!R57="","",'Data Input'!R57) | BM101: ='Data Input'!S57 -> 0 | BN101: ='Data Input'!Y57 -> 18 | BO101: =IF($BM101>=1,-999,MAX(($C$1-$A$1)*24,IF($BK101<>"",$BI101,$BP101-'Data Input'!E57))) -> 18 | BP101: =('Data Input'!D57+'Data Input'!Y57/24-$A$1)*24 -> 19
A102: ='Data Input'!A58 -> 2 | B102: ='Data Input'!B58 -> Track removal & panel evacuation (Line 1) | C102: ='Data Input'!O58 -> NOT STARTED - LATE | D102: ='Data Input'!D58 -> 46311.083 | E102: ='Data Input'!D58+'Data Input'!Y58/24 -> 46311.833 | F102: ='Data Input'!Y58 -> 18 | G102: ='Data Input'!T58 -> 1 | H102: ='Data Input'!S58 -> 0 | J102: P | BH102: =('Data Input'!C58-$A$1)*24 -> 1 | BI102: =('Data Input'!D58-$A$1)*24 -> 2 | BJ102: 1 | BO102: -999 | BP102: -999
J103: A | BH103: =IF($BK103="",-999,($BK103-$A$1)*24) -> -999 | BI103: =IF($BK103="",-999,(IF($BL103<>"",$BL103,IF($C$1>$BK103,$C$1,$BK103+MAX('Data Input'!E58*$BM103,0.5)/24))-$A$1)*24) -> -999 | BJ103: =IF($BK103="",0,IF($BM103>=1,IF($BN103<=0,2,3),IF($BN103<=0,4,5))) -> 0 | BK103: =IF('Data Input'!Q58="","",'Data Input'!Q58) | BL103: =IF('Data Input'!R58="","",'Data Input'!R58) | BM103: ='Data Input'!S58 -> 0 | BN103: ='Data Input'!Y58 -> 18 | BO103: =IF($BM103>=1,-999,MAX(($C$1-$A$1)*24,IF($BK103<>"",$BI103,$BP103-'Data Input'!E58))) -> 19 | BP103: =('Data Input'!D58+'Data Input'!Y58/24-$A$1)*24 -> 20
A104: ='Data Input'!A59 -> 3 | B104: ='Data Input'!B59 -> Track removal & panel evacuation (Line 3) | C104: ='Data Input'!O59 -> NOT STARTED - LATE | D104: ='Data Input'!D59 -> 46311.042 | E104: ='Data Input'!D59+'Data Input'!Y59/24 -> 46311.792 | F104: ='Data Input'!Y59 -> 18 | G104: ='Data Input'!T59 -> 1 | H104: ='Data Input'!S59 -> 0 | J104: P | BH104: =('Data Input'!C59-$A$1)*24 -> 0 | BI104: =('Data Input'!D59-$A$1)*24 -> 1 | BJ104: 1 | BO104: -999 | BP104: -999
J105: A | BH105: =IF($BK105="",-999,($BK105-$A$1)*24) -> -999 | BI105: =IF($BK105="",-999,(IF($BL105<>"",$BL105,IF($C$1>$BK105,$C$1,$BK105+MAX('Data Input'!E59*$BM105,0.5)/24))-$A$1)*24) -> -999 | BJ105: =IF($BK105="",0,IF($BM105>=1,IF($BN105<=0,2,3),IF($BN105<=0,4,5))) -> 0 | BK105: =IF('Data Input'!Q59="","",'Data Input'!Q59) | BL105: =IF('Data Input'!R59="","",'Data Input'!R59) | BM105: ='Data Input'!S59 -> 0 | BN105: ='Data Input'!Y59 -> 18 | BO105: =IF($BM105>=1,-999,MAX(($C$1-$A$1)*24,IF($BK105<>"",$BI105,$BP105-'Data Input'!E59))) -> 18 | BP105: =('Data Input'!D59+'Data Input'!Y59/24-$A$1)*24 -> 19
A106: ='Data Input'!A60 -> 4 | B106: ='Data Input'!B60 -> Ballast removal | C106: ='Data Input'!O60 -> NOT STARTED - LATE | D106: ='Data Input'!D60 -> 46311.083 | E106: ='Data Input'!D60+'Data Input'!Y60/24 -> 46311.833 | F106: ='Data Input'!Y60 -> 18 | G106: ='Data Input'!T60 -> 1 | H106: ='Data Input'!S60 -> 0 | J106: P | BH106: =('Data Input'!C60-$A$1)*24 -> 1 | BI106: =('Data Input'!D60-$A$1)*24 -> 2 | BJ106: 1 | BO106: -999 | BP106: -999
J107: A | BH107: =IF($BK107="",-999,($BK107-$A$1)*24) -> -999 | BI107: =IF($BK107="",-999,(IF($BL107<>"",$BL107,IF($C$1>$BK107,$C$1,$BK107+MAX('Data Input'!E60*$BM107,0.5)/24))-$A$1)*24) -> -999 | BJ107: =IF($BK107="",0,IF($BM107>=1,IF($BN107<=0,2,3),IF($BN107<=0,4,5))) -> 0 | BK107: =IF('Data Input'!Q60="","",'Data Input'!Q60) | BL107: =IF('Data Input'!R60="","",'Data Input'!R60) | BM107: ='Data Input'!S60 -> 0 | BN107: ='Data Input'!Y60 -> 18 | BO107: =IF($BM107>=1,-999,MAX(($C$1-$A$1)*24,IF($BK107<>"",$BI107,$BP107-'Data Input'!E60))) -> 19 | BP107: =('Data Input'!D60+'Data Input'!Y60/24-$A$1)*24 -> 20
A108: ='Data Input'!A61 -> 5 | B108: ='Data Input'!B61 -> Cutting & removal around existing culvert | C108: ='Data Input'!O61 -> NOT STARTED - LATE | D108: ='Data Input'!D61 -> 46311.167 | E108: ='Data Input'!D61+'Data Input'!Y61/24 -> 46311.917 | F108: ='Data Input'!Y61 -> 18 | G108: ='Data Input'!T61 -> 1 | H108: ='Data Input'!S61 -> 0 | J108: P | BH108: =('Data Input'!C61-$A$1)*24 -> 2 | BI108: =('Data Input'!D61-$A$1)*24 -> 4 | BJ108: 1 | BO108: -999 | BP108: -999
J109: A | BH109: =IF($BK109="",-999,($BK109-$A$1)*24) -> -999 | BI109: =IF($BK109="",-999,(IF($BL109<>"",$BL109,IF($C$1>$BK109,$C$1,$BK109+MAX('Data Input'!E61*$BM109,0.5)/24))-$A$1)*24) -> -999 | BJ109: =IF($BK109="",0,IF($BM109>=1,IF($BN109<=0,2,3),IF($BN109<=0,4,5))) -> 0 | BK109: =IF('Data Input'!Q61="","",'Data Input'!Q61) | BL109: =IF('Data Input'!R61="","",'Data Input'!R61) | BM109: ='Data Input'!S61 -> 0 | BN109: ='Data Input'!Y61 -> 18 | BO109: =IF($BM109>=1,-999,MAX(($C$1-$A$1)*24,IF($BK109<>"",$BI109,$BP109-'Data Input'!E61))) -> 20 | BP109: =('Data Input'!D61+'Data Input'!Y61/24-$A$1)*24 -> 22
A110: ='Data Input'!A62 -> 6 | B110: ='Data Input'!B62 -> Demolition of existing culvert | C110: ='Data Input'!O62 -> NOT STARTED - LATE | D110: ='Data Input'!D62 -> 46311.25 | E110: ='Data Input'!D62+'Data Input'!Y62/24 -> 46312 | F110: ='Data Input'!Y62 -> 18 | G110: ='Data Input'!T62 -> 1 | H110: ='Data Input'!S62 -> 0 | J110: P | BH110: =('Data Input'!C62-$A$1)*24 -> 4 | BI110: =('Data Input'!D62-$A$1)*24 -> 6 | BJ110: 1 | BO110: -999 | BP110: -999
J111: A | BH111: =IF($BK111="",-999,($BK111-$A$1)*24) -> -999 | BI111: =IF($BK111="",-999,(IF($BL111<>"",$BL111,IF($C$1>$BK111,$C$1,$BK111+MAX('Data Input'!E62*$BM111,0.5)/24))-$A$1)*24) -> -999 | BJ111: =IF($BK111="",0,IF($BM111>=1,IF($BN111<=0,2,3),IF($BN111<=0,4,5))) -> 0 | BK111: =IF('Data Input'!Q62="","",'Data Input'!Q62) | BL111: =IF('Data Input'!R62="","",'Data Input'!R62) | BM111: ='Data Input'!S62 -> 0 | BN111: ='Data Input'!Y62 -> 18 | BO111: =IF($BM111>=1,-999,MAX(($C$1-$A$1)*24,IF($BK111<>"",$BI111,$BP111-'Data Input'!E62))) -> 22 | BP111: =('Data Input'!D62+'Data Input'!Y62/24-$A$1)*24 -> 24
A112: ='Data Input'!A63 -> 7 | B112: ='Data Input'!B63 -> Surface preparation for precast installation | C112: ='Data Input'!O63 -> NOT STARTED - LATE | D112: ='Data Input'!D63 -> 46311.333 | E112: ='Data Input'!D63+'Data Input'!Y63/24 -> 46312.083 | F112: ='Data Input'!Y63 -> 18 | G112: ='Data Input'!T63 -> 1 | H112: ='Data Input'!S63 -> 0 | J112: P | BH112: =('Data Input'!C63-$A$1)*24 -> 6 | BI112: =('Data Input'!D63-$A$1)*24 -> 8 | BJ112: 1 | BO112: -999 | BP112: -999
J113: A | BH113: =IF($BK113="",-999,($BK113-$A$1)*24) -> -999 | BI113: =IF($BK113="",-999,(IF($BL113<>"",$BL113,IF($C$1>$BK113,$C$1,$BK113+MAX('Data Input'!E63*$BM113,0.5)/24))-$A$1)*24) -> -999 | BJ113: =IF($BK113="",0,IF($BM113>=1,IF($BN113<=0,2,3),IF($BN113<=0,4,5))) -> 0 | BK113: =IF('Data Input'!Q63="","",'Data Input'!Q63) | BL113: =IF('Data Input'!R63="","",'Data Input'!R63) | BM113: ='Data Input'!S63 -> 0 | BN113: ='Data Input'!Y63 -> 18 | BO113: =IF($BM113>=1,-999,MAX(($C$1-$A$1)*24,IF($BK113<>"",$BI113,$BP113-'Data Input'!E63))) -> 24 | BP113: =('Data Input'!D63+'Data Input'!Y63/24-$A$1)*24 -> 26
A114: ='Data Input'!A64 -> 8 | B114: ='Data Input'!B64 -> Installation of new precast culvert | C114: ='Data Input'!O64 -> NOT STARTED - LATE | D114: ='Data Input'!D64 -> 46311.458 | E114: ='Data Input'!D64+'Data Input'!Y64/24 -> 46312.208 | F114: ='Data Input'!Y64 -> 18 | G114: ='Data Input'!T64 -> 1 | H114: ='Data Input'!S64 -> 0 | J114: P | BH114: =('Data Input'!C64-$A$1)*24 -> 8 | BI114: =('Data Input'!D64-$A$1)*24 -> 11 | BJ114: 1 | BO114: -999 | BP114: -999
J115: A | BH115: =IF($BK115="",-999,($BK115-$A$1)*24) -> -999 | BI115: =IF($BK115="",-999,(IF($BL115<>"",$BL115,IF($C$1>$BK115,$C$1,$BK115+MAX('Data Input'!E64*$BM115,0.5)/24))-$A$1)*24) -> -999 | BJ115: =IF($BK115="",0,IF($BM115>=1,IF($BN115<=0,2,3),IF($BN115<=0,4,5))) -> 0 | BK115: =IF('Data Input'!Q64="","",'Data Input'!Q64) | BL115: =IF('Data Input'!R64="","",'Data Input'!R64) | BM115: ='Data Input'!S64 -> 0 | BN115: ='Data Input'!Y64 -> 18 | BO115: =IF($BM115>=1,-999,MAX(($C$1-$A$1)*24,IF($BK115<>"",$BI115,$BP115-'Data Input'!E64))) -> 26 | BP115: =('Data Input'!D64+'Data Input'!Y64/24-$A$1)*24 -> 29
A116: ='Data Input'!A65 -> 9 | B116: ='Data Input'!B65 -> Apply sealant to the culvert | C116: ='Data Input'!O65 -> NOT STARTED - LATE | D116: ='Data Input'!D65 -> 46311.5 | E116: ='Data Input'!D65+'Data Input'!Y65/24 -> 46312.25 | F116: ='Data Input'!Y65 -> 18 | G116: ='Data Input'!T65 -> 1 | H116: ='Data Input'!S65 -> 0 | J116: P | BH116: =('Data Input'!C65-$A$1)*24 -> 11 | BI116: =('Data Input'!D65-$A$1)*24 -> 12 | BJ116: 1 | BO116: -999 | BP116: -999
J117: A | BH117: =IF($BK117="",-999,($BK117-$A$1)*24) -> -999 | BI117: =IF($BK117="",-999,(IF($BL117<>"",$BL117,IF($C$1>$BK117,$C$1,$BK117+MAX('Data Input'!E65*$BM117,0.5)/24))-$A$1)*24) -> -999 | BJ117: =IF($BK117="",0,IF($BM117>=1,IF($BN117<=0,2,3),IF($BN117<=0,4,5))) -> 0 | BK117: =IF('Data Input'!Q65="","",'Data Input'!Q65) | BL117: =IF('Data Input'!R65="","",'Data Input'!R65) | BM117: ='Data Input'!S65 -> 0 | BN117: ='Data Input'!Y65 -> 18 | BO117: =IF($BM117>=1,-999,MAX(($C$1-$A$1)*24,IF($BK117<>"",$BI117,$BP117-'Data Input'!E65))) -> 29 | BP117: =('Data Input'!D65+'Data Input'!Y65/24-$A$1)*24 -> 30
A118: ='Data Input'!A66 -> 10 | B118: ='Data Input'!B66 -> Backfill around culvert to subgrade level | C118: ='Data Input'!O66 -> NOT STARTED - LATE | D118: ='Data Input'!D66 -> 46311.625 | E118: ='Data Input'!D66+'Data Input'!Y66/24 -> 46312.375 | F118: ='Data Input'!Y66 -> 18 | G118: ='Data Input'!T66 -> 1 | H118: ='Data Input'!S66 -> 0 | J118: P | BH118: =('Data Input'!C66-$A$1)*24 -> 12 | BI118: =('Data Input'!D66-$A$1)*24 -> 15 | BJ118: 1 | BO118: -999 | BP118: -999
J119: A | BH119: =IF($BK119="",-999,($BK119-$A$1)*24) -> -999 | BI119: =IF($BK119="",-999,(IF($BL119<>"",$BL119,IF($C$1>$BK119,$C$1,$BK119+MAX('Data Input'!E66*$BM119,0.5)/24))-$A$1)*24) -> -999 | BJ119: =IF($BK119="",0,IF($BM119>=1,IF($BN119<=0,2,3),IF($BN119<=0,4,5))) -> 0 | BK119: =IF('Data Input'!Q66="","",'Data Input'!Q66) | BL119: =IF('Data Input'!R66="","",'Data Input'!R66) | BM119: ='Data Input'!S66 -> 0 | BN119: ='Data Input'!Y66 -> 18 | BO119: =IF($BM119>=1,-999,MAX(($C$1-$A$1)*24,IF($BK119<>"",$BI119,$BP119-'Data Input'!E66))) -> 30 | BP119: =('Data Input'!D66+'Data Input'!Y66/24-$A$1)*24 -> 33
A120: ='Data Input'!A67 -> 11 | B120: ='Data Input'!B67 -> Backfill Subgrade | C120: ='Data Input'!O67 -> NOT STARTED - LATE | D120: ='Data Input'!D67 -> 46311.667 | E120: ='Data Input'!D67+'Data Input'!Y67/24 -> 46312.417 | F120: ='Data Input'!Y67 -> 18 | G120: ='Data Input'!T67 -> 1 | H120: ='Data Input'!S67 -> 0 | J120: P | BH120: =('Data Input'!C67-$A$1)*24 -> 15 | BI120: =('Data Input'!D67-$A$1)*24 -> 16 | BJ120: 1 | BO120: -999 | BP120: -999
J121: A | BH121: =IF($BK121="",-999,($BK121-$A$1)*24) -> -999 | BI121: =IF($BK121="",-999,(IF($BL121<>"",$BL121,IF($C$1>$BK121,$C$1,$BK121+MAX('Data Input'!E67*$BM121,0.5)/24))-$A$1)*24) -> -999 | BJ121: =IF($BK121="",0,IF($BM121>=1,IF($BN121<=0,2,3),IF($BN121<=0,4,5))) -> 0 | BK121: =IF('Data Input'!Q67="","",'Data Input'!Q67) | BL121: =IF('Data Input'!R67="","",'Data Input'!R67) | BM121: ='Data Input'!S67 -> 0 | BN121: ='Data Input'!Y67 -> 18 | BO121: =IF($BM121>=1,-999,MAX(($C$1-$A$1)*24,IF($BK121<>"",$BI121,$BP121-'Data Input'!E67))) -> 33 | BP121: =('Data Input'!D67+'Data Input'!Y67/24-$A$1)*24 -> 34
...

Sheet Site Layouts
A2: EWR CULVERTS REPLACEMENT PHASE 2 – SHUTDOWN 03 – SITE LAYOUTS
A3: CULVERTS C263 · C265 · C267 – KM 209+025 / 210+525 / 212+400
A4: TSO OTMP stabled at Station 29 (KM 223) before the shutdown, then run out to Main Line 1 and Main Line 3. Hofuf lies to the west, Riyadh to the east.
A35: EWR CULVERTS REPLACEMENT PHASE 2 – SHUTDOWN 03 – SITE LAYOUTS
A36: CULVERTS C288 · C289 – KM 337+391 / 338+491
A37: SABATCO OTMP works Line 1 at both culverts (Phase 1), then transfers to Line 3 via Station 35 (Phase 2). Station 33 lies at KM 309.
A68: Diagrams as supplied with the Shutdown 03 pack. They show OTMP movement phases for each culvert group, not individual culvert cross-sections.

Sheet Data Input
A1: SAR - POSSESSION PROGRESS REPORT | DATA INPUT AND SETTINGS
A2: Everything below drives the report. Yellow cells are yours to edit - every other cell is locked and calculated. | Z2: FS
Z3: SS
A4: PROJECT NAME | C4: EWR CULVERTS REPLACEMENT PHASE 2 | I4: REPORT TITLE | K4: POSSESSION PROGRESS REPORT - PLANNED vs ACTUAL | Z4: FF
A5: SUBTITLE | C5: Culvert Replacement – Shutdown 03 | G5: PREPARED BY | I5: SAR IPMC – Planning | K5: REPORT CUT-OFF | M5: 46311.75 | Z5: SF
A7: POSSESSION WINDOW
A8: WINDOW STARTS | C8: 46311 | E8: DURATION | G8: 48 | I8: UNIT | K8: hours | L8: WINDOW ENDS | N8: =$C$8+$G$8*IF($K$8="days",1,1/24) -> 46313 | Z8: hours
A9: GANTT STARTS | C9: =$C$8 -> 46311 | E9: GANTT SPAN | G9: 48 | I9: UNIT | K9: hours | L9: ONE COLUMN = | N9: =TEXT($G$9*IF($K$9="days",24,1)/48*60,"0")&" min" -> 60 min | Z9: days
A10: TOTAL HOURS | C10: =($N$8-$C$8)*24 -> 48 | E10: ELAPSED | G10: =TEXT(MEDIAN(0,($M$5-$C$8)*24,$C$10),"0.0")&" h of "&TEXT($C$10,"0.0")&" h" -> 18.0 h of 48.0 h | K10: LOCATIONS | M10: 5 | N10: ACTIVITIES | O10: 26
A11: The Gantt is always 48 columns wide - a shorter span gives finer columns. Delivered with 5 locations x 26 activities per location; blank an ACTIVITY name to switch that row off.
Z12: =INT($C$8)+0 -> 46311
A13: LOCATIONS | Z13: =INT($C$8)+1 -> 46312
A14: No | B14: LOCATION NAME | I14: SCOPE / SUB-TITLE SHOWN ON THE PAGE | Z14: =INT($C$8)+2 -> 46313
A15: 1 | B15: C263 – KM 209+025 | I15: 1 cell │ Main Line 1 & Main Line 3 │ TSO OTMP from Station 29 | Z15: =INT($C$8)+3 -> 46314
A16: 2 | B16: C265 – KM 210+525 | I16: 3 cells │ Main Line 1 & Main Line 3 │ TSO OTMP from Station 29 | Z16: =INT($C$8)+4 -> 46315
A17: 3 | B17: C267 – KM 212+400 | I17: 3 cells │ Main Line 1 & Main Line 3 │ TSO OTMP from Station 29
A18: 4 | B18: C288 – KM 337+391 | I18: 3 cells │ Main Line 1 & Main Line 3 │ SABATCO OTMP from Station 35
A19: 5 | B19: C289 – KM 338+491 | I19: 3 cells │ Main Line 1 & Main Line 3 │ SABATCO OTMP from Station 35
A25: =IF($B$15="","LOCATION 1 - not used"," LOCATION 1 - "&$B$15) -> LOCATION 1 - C263 – KM 209+025
A26: No | B26: ACTIVITY (leave blank to switch the row off) | C26: Planned Start | D26: Planned Finish | E26: DUR (h) | F26: PRED No | G26: REL | H26: LAG (h) | I26: ACT START Date | J26: ACT START Time | K26: ACT FINISH Date | L26: ACT FINISH Time | M26: ACT Dur | N26: % COMP | O26: STATUS (auto) | P26: REMARKS
A27: =IF(OR($B27="",1>$O$10),"",1) -> 1 | B27: OTMP moves from station 29 to Main Line 1 | C27: =IF(OR($B27="",1>$O$10),"",IF($F27=0,$C$8,IF($G27="SS",OFFSET($C$26,$F27,0)+$H27/24,IF($G27="FF",OFFSET($D$26,$F27,0)+$H27/24-$E27/24,IF($G27="SF",OFFSET($C$26,$F27,0)+$H27/24-$E27/24,OFFSET($D$26,$F27,0)+$H27/24))))) -> 46311 | D27: =IF(OR($B27="",1>$O$10),"",$C27+$E27/24) -> 46311.042 | E27: 1 | F27: 0 | G27: FS | H27: 0 | M27: =IF(OR($Q27="",$R27="",$V27=1),"",($R27-$Q27)*24) | O27: =IF(OR($B27="",1>$O$10),"",IF($AB27=1,"! CHECK LINK",IF($V27=1,"! CHECK DATES",IF($S27=1,IF($R27="","Completed",IF($R27<$D27,"Completed - Ahead",IF($R27<=$D27+1/1440,"Completed - On Time","Completed - Delayed"))),IF($Q27<>"",IF($Y27<=0.1,"In Progress - On Track","In Progress - BEHIND"),IF($M$5<$C27,"Not Started","NOT STARTED - LATE")))))) -> NOT STARTED - LATE | Q27: =IF($I27="","",$I27+IF($J27="",0,$J27)) | R27: =IF($K27="","",$K27+IF($L27="",0,$L27)) | S27: =IF($V27=1,0,IF($R27<>"",1,IF($N27="",0,$N27))) -> 0 | T27: =IF(OR($B27="",$E27=0),0,MEDIAN(0,($M$5-$C27)/($E27/24),1)) -> 1 | U27: =($S27-$T27)*$E27 -> -1 | V27: =IF(OR(AND($Q27<>"",$Q27<$C$8),AND($Q27<>"",$R27<>"",$R27<$Q27),AND($R27<>"",$Q27="")),1,0) -> 0 | W27: =IF($B27="","",IF($S27=1,IF($R27<>"",$R27,$D27),IF($Q27<>"",MAX($M$5,$Q27)+$E27*(1-$S27)/24,MAX($M$5,$C27)+$E27/24))) -> 46311.792 | X27: =IF($B27="","",ROUND(($W27-$D27)*24,1)) -> 18 | Y27: =IF($B27="","",$X27) -> 18 | AB27: =IF(AND($B27<>"",$F27>=1),1,0) -> 0
A28: =IF(OR($B28="",2>$O$10),"",2) -> 2 | B28: Track removal & panel evacuation (Line 1) | C28: =IF(OR($B28="",2>$O$10),"",IF($F28=0,$C$8,IF($G28="SS",OFFSET($C$26,$F28,0)+$H28/24,IF($G28="FF",OFFSET($D$26,$F28,0)+$H28/24-$E28/24,IF($G28="SF",OFFSET($C$26,$F28,0)+$H28/24-$E28/24,OFFSET($D$26,$F28,0)+$H28/24))))) -> 46311.042 | D28: =IF(OR($B28="",2>$O$10),"",$C28+$E28/24) -> 46311.083 | E28: 1 | F28: 1 | G28: FS | H28: 0 | M28: =IF(OR($Q28="",$R28="",$V28=1),"",($R28-$Q28)*24) | O28: =IF(OR($B28="",2>$O$10),"",IF($AB28=1,"! CHECK LINK",IF($V28=1,"! CHECK DATES",IF($S28=1,IF($R28="","Completed",IF($R28<$D28,"Completed - Ahead",IF($R28<=$D28+1/1440,"Completed - On Time","Completed - Delayed"))),IF($Q28<>"",IF($Y28<=0.1,"In Progress - On Track","In Progress - BEHIND"),IF($M$5<$C28,"Not Started","NOT STARTED - LATE")))))) -> NOT STARTED - LATE | Q28: =IF($I28="","",$I28+IF($J28="",0,$J28)) | R28: =IF($K28="","",$K28+IF($L28="",0,$L28)) | S28: =IF($V28=1,0,IF($R28<>"",1,IF($N28="",0,$N28))) -> 0 | T28: =IF(OR($B28="",$E28=0),0,MEDIAN(0,($M$5-$C28)/($E28/24),1)) -> 1 | U28: =($S28-$T28)*$E28 -> -1 | V28: =IF(OR(AND($Q28<>"",$Q28<$C$8),AND($Q28<>"",$R28<>"",$R28<$Q28),AND($R28<>"",$Q28="")),1,0) -> 0 | W28: =IF($B28="","",IF($S28=1,IF($R28<>"",$R28,$D28),IF($Q28<>"",MAX($M$5,$Q28)+$E28*(1-$S28)/24,MAX($M$5,$C28)+$E28/24))) -> 46311.792 | X28: =IF($B28="","",ROUND(($W28-$D28)*24,1)) -> 17 | Y28: =IF($B28="","",IF($Q28<>"",$X28,IF($X28>0,MAX($X28,IF($Y27="",0,IF($Y27>0,$Y27-MAX(0,($C28-$D27)*24),$Y27))),IF($Y27="",0,IF($Y27>0,$Y27-MAX(0,($C28-$D27)*24),$Y27))))) -> 18 | AB28: =IF(AND($B28<>"",$F28>=2),1,0) -> 0
A29: =IF(OR($B29="",3>$O$10),"",3) -> 3 | B29: Track removal & panel evacuation (Line 3) | C29: =IF(OR($B29="",3>$O$10),"",IF($F29=0,$C$8,IF($G29="SS",OFFSET($C$26,$F29,0)+$H29/24,IF($G29="FF",OFFSET($D$26,$F29,0)+$H29/24-$E29/24,IF($G29="SF",OFFSET($C$26,$F29,0)+$H29/24-$E29/24,OFFSET($D$26,$F29,0)+$H29/24))))) -> 46311 | D29: =IF(OR($B29="",3>$O$10),"",$C29+$E29/24) -> 46311.042 | E29: 1 | F29: 1 | G29: SS | H29: 0 | M29: =IF(OR($Q29="",$R29="",$V29=1),"",($R29-$Q29)*24) | O29: =IF(OR($B29="",3>$O$10),"",IF($AB29=1,"! CHECK LINK",IF($V29=1,"! CHECK DATES",IF($S29=1,IF($R29="","Completed",IF($R29<$D29,"Completed - Ahead",IF($R29<=$D29+1/1440,"Completed - On Time","Completed - Delayed"))),IF($Q29<>"",IF($Y29<=0.1,"In Progress - On Track","In Progress - BEHIND"),IF($M$5<$C29,"Not Started","NOT STARTED - LATE")))))) -> NOT STARTED - LATE | Q29: =IF($I29="","",$I29+IF($J29="",0,$J29)) | R29: =IF($K29="","",$K29+IF($L29="",0,$L29)) | S29: =IF($V29=1,0,IF($R29<>"",1,IF($N29="",0,$N29))) -> 0 | T29: =IF(OR($B29="",$E29=0),0,MEDIAN(0,($M$5-$C29)/($E29/24),1)) -> 1 | U29: =($S29-$T29)*$E29 -> -1 | V29: =IF(OR(AND($Q29<>"",$Q29<$C$8),AND($Q29<>"",$R29<>"",$R29<$Q29),AND($R29<>"",$Q29="")),1,0) -> 0 | W29: =IF($B29="","",IF($S29=1,IF($R29<>"",$R29,$D29),IF($Q29<>"",MAX($M$5,$Q29)+$E29*(1-$S29)/24,MAX($M$5,$C29)+$E29/24))) -> 46311.792 | X29: =IF($B29="","",ROUND(($W29-$D29)*24,1)) -> 18 | Y29: =IF($B29="","",IF($Q29<>"",$X29,IF($X29>0,MAX($X29,IF($Y28="",0,IF($Y28>0,$Y28-MAX(0,($C29-$D28)*24),$Y28))),IF($Y28="",0,IF($Y28>0,$Y28-MAX(0,($C29-$D28)*24),$Y28))))) -> 18 | AB29: =IF(AND($B29<>"",$F29>=3),1,0) -> 0
A30: =IF(OR($B30="",4>$O$10),"",4) -> 4 | B30: Ballast removal | C30: =IF(OR($B30="",4>$O$10),"",IF($F30=0,$C$8,IF($G30="SS",OFFSET($C$26,$F30,0)+$H30/24,IF($G30="FF",OFFSET($D$26,$F30,0)+$H30/24-$E30/24,IF($G30="SF",OFFSET($C$26,$F30,0)+$H30/24-$E30/24,OFFSET($D$26,$F30,0)+$H30/24))))) -> 46311.042 | D30: =IF(OR($B30="",4>$O$10),"",$C30+$E30/24) -> 46311.083 | E30: 1 | F30: 3 | G30: FS | H30: 0 | M30: =IF(OR($Q30="",$R30="",$V30=1),"",($R30-$Q30)*24) | O30: =IF(OR($B30="",4>$O$10),"",IF($AB30=1,"! CHECK LINK",IF($V30=1,"! CHECK DATES",IF($S30=1,IF($R30="","Completed",IF($R30<$D30,"Completed - Ahead",IF($R30<=$D30+1/1440,"Completed - On Time","Completed - Delayed"))),IF($Q30<>"",IF($Y30<=0.1,"In Progress - On Track","In Progress - BEHIND"),IF($M$5<$C30,"Not Started","NOT STARTED - LATE")))))) -> NOT STARTED - LATE | Q30: =IF($I30="","",$I30+IF($J30="",0,$J30)) | R30: =IF($K30="","",$K30+IF($L30="",0,$L30)) | S30: =IF($V30=1,0,IF($R30<>"",1,IF($N30="",0,$N30))) -> 0 | T30: =IF(OR($B30="",$E30=0),0,MEDIAN(0,($M$5-$C30)/($E30/24),1)) -> 1 | U30: =($S30-$T30)*$E30 -> -1 | V30: =IF(OR(AND($Q30<>"",$Q30<$C$8),AND($Q30<>"",$R30<>"",$R30<$Q30),AND($R30<>"",$Q30="")),1,0) -> 0 | W30: =IF($B30="","",IF($S30=1,IF($R30<>"",$R30,$D30),IF($Q30<>"",MAX($M$5,$Q30)+$E30*(1-$S30)/24,MAX($M$5,$C30)+$E30/24))) -> 46311.792 | X30: =IF($B30="","",ROUND(($W30-$D30)*24,1)) -> 17 | Y30: =IF($B30="","",IF($Q30<>"",$X30,IF($X30>0,MAX($X30,IF($Y29="",0,IF($Y29>0,$Y29-MAX(0,($C30-$D29)*24),$Y29))),IF($Y29="",0,IF($Y29>0,$Y29-MAX(0,($C30-$D29)*24),$Y29))))) -> 18 | AB30: =IF(AND($B30<>"",$F30>=4),1,0) -> 0
A31: =IF(OR($B31="",5>$O$10),"",5) -> 5 | B31: Cutting & removal around existing culvert | C31: =IF(OR($B31="",5>$O$10),"",IF($F31=0,$C$8,IF($G31="SS",OFFSET($C$26,$F31,0)+$H31/24,IF($G31="FF",OFFSET($D$26,$F31,0)+$H31/24-$E31/24,IF($G31="SF",OFFSET($C$26,$F31,0)+$H31/24-$E31/24,OFFSET($D$26,$F31,0)+$H31/24))))) -> 46311.083 | D31: =IF(OR($B31="",5>$O$10),"",$C31+$E31/24) -> 46311.208 | E31: 3 | F31: 4 | G31: FS | H31: 0 | M31: =IF(OR($Q31="",$R31="",$V31=1),"",($R31-$Q31)*24) | O31: =IF(OR($B31="",5>$O$10),"",IF($AB31=1,"! CHECK LINK",IF($V31=1,"! CHECK DATES",IF($S31=1,IF($R31="","Completed",IF($R31<$D31,"Completed - Ahead",IF($R31<=$D31+1/1440,"Completed - On Time","Completed - Delayed"))),IF($Q31<>"",IF($Y31<=0.1,"In Progress - On Track","In Progress - BEHIND"),IF($M$5<$C31,"Not Started","NOT STARTED - LATE")))))) -> NOT STARTED - LATE | Q31: =IF($I31="","",$I31+IF($J31="",0,$J31)) | R31: =IF($K31="","",$K31+IF($L31="",0,$L31)) | S31: =IF($V31=1,0,IF($R31<>"",1,IF($N31="",0,$N31))) -> 0 | T31: =IF(OR($B31="",$E31=0),0,MEDIAN(0,($M$5-$C31)/($E31/24),1)) -> 1 | U31: =($S31-$T31)*$E31 -> -3 | V31: =IF(OR(AND($Q31<>"",$Q31<$C$8),AND($Q31<>"",$R31<>"",$R31<$Q31),AND($R31<>"",$Q31="")),1,0) -> 0 | W31: =IF($B31="","",IF($S31=1,IF($R31<>"",$R31,$D31),IF($Q31<>"",MAX($M$5,$Q31)+$E31*(1-$S31)/24,MAX($M$5,$C31)+$E31/24))) -> 46311.875 | X31: =IF($B31="","",ROUND(($W31-$D31)*24,1)) -> 16 | Y31: =IF($B31="","",IF($Q31<>"",$X31,IF($X31>0,MAX($X31,IF($Y30="",0,IF($Y30>0,$Y30-MAX(0,($C31-$D30)*24),$Y30))),IF($Y30="",0,IF($Y30>0,$Y30-MAX(0,($C31-$D30)*24),$Y30))))) -> 18 | AB31: =IF(AND($B31<>"",$F31>=5),1,0) -> 0
A32: =IF(OR($B32="",6>$O$10),"",6) -> 6 | B32: Demolition of existing culvert | C32: =IF(OR($B32="",6>$O$10),"",IF($F32=0,$C$8,IF($G32="SS",OFFSET($C$26,$F32,0)+$H32/24,IF($G32="FF",OFFSET($D$26,$F32,0)+$H32/24-$E32/24,IF($G32="SF",OFFSET($C$26,$F32,0)+$H32/24-$E32/24,OFFSET($D$26,$F32,0)+$H32/24))))) -> 46311.208 | D32: =IF(OR($B32="",6>$O$10),"",$C32+$E32/24) -> 46311.375 | E32: 4 | F32: 5 | G32: FS | H32: 0 | M32: =IF(OR($Q32="",$R32="",$V32=1),"",($R32-$Q32)*24) | O32: =IF(OR($B32="",6>$O$10),"",IF($AB32=1,"! CHECK LINK",IF($V32=1,"! CHECK DATES",IF($S32=1,IF($R32="","Completed",IF($R32<$D32,"Completed - Ahead",IF($R32<=$D32+1/1440,"Completed - On Time","Completed - Delayed"))),IF($Q32<>"",IF($Y32<=0.1,"In Progress - On Track","In Progress - BEHIND"),IF($M$5<$C32,"Not Started","NOT STARTED - LATE")))))) -> NOT STARTED - LATE | Q32: =IF($I32="","",$I32+IF($J32="",0,$J32)) | R32: =IF($K32="","",$K32+IF($L32="",0,$L32)) | S32: =IF($V32=1,0,IF($R32<>"",1,IF($N32="",0,$N32))) -> 0 | T32: =IF(OR($B32="",$E32=0),0,MEDIAN(0,($M$5-$C32)/($E32/24),1)) -> 1 | U32: =($S32-$T32)*$E32 -> -4 | V32: =IF(OR(AND($Q32<>"",$Q32<$C$8),AND($Q32<>"",$R32<>"",$R32<$Q32),AND($R32<>"",$Q32="")),1,0) -> 0 | W32: =IF($B32="","",IF($S32=1,IF($R32<>"",$R32,$D32),IF($Q32<>"",MAX($M$5,$Q32)+$E32*(1-$S32)/24,MAX($M$5,$C32)+$E32/24))) -> 46311.917 | X32: =IF($B32="","",ROUND(($W32-$D32)*24,1)) -> 13 | Y32: =IF($B32="","",IF($Q32<>"",$X32,IF($X32>0,MAX($X32,IF($Y31="",0,IF($Y31>0,$Y31-MAX(0,($C32-$D31)*24),$Y31))),IF($Y31="",0,IF($Y31>0,$Y31-MAX(0,($C32-$D31)*24),$Y31))))) -> 18 | AB32: =IF(AND($B32<>"",$F32>=6),1,0) -> 0
A33: =IF(OR($B33="",7>$O$10),"",7) -> 7 | B33: Surface preparation for precast installation | C33: =IF(OR($B33="",7>$O$10),"",IF($F33=0,$C$8,IF($G33="SS",OFFSET($C$26,$F33,0)+$H33/24,IF($G33="FF",OFFSET($D$26,$F33,0)+$H33/24-$E33/24,IF($G33="SF",OFFSET($C$26,$F33,0)+$H33/24-$E33/24,OFFSET($D$26,$F33,0)+$H33/24))))) -> 46311.375 | D33: =IF(OR($B33="",7>$O$10),"",$C33+$E33/24) -> 46311.458 | E33: 2 | F33: 6 | G33: FS | H33: 0 | M33: =IF(OR($Q33="",$R33="",$V33=1),"",($R33-$Q33)*24) | O33: =IF(OR($B33="",7>$O$10),"",IF($AB33=1,"! CHECK LINK",IF($V33=1,"! CHECK DATES",IF($S33=1,IF($R33="","Completed",IF($R33<$D33,"Completed - Ahead",IF($R33<=$D33+1/1440,"Completed - On Time","Completed - Delayed"))),IF($Q33<>"",IF($Y33<=0.1,"In Progress - On Track","In Progress - BEHIND"),IF($M$5<$C33,"Not Started","NOT STARTED - LATE")))))) -> NOT STARTED - LATE | Q33: =IF($I33="","",$I33+IF($J33="",0,$J33)) | R33: =IF($K33="","",$K33+IF($L33="",0,$L33)) | S33: =IF($V33=1,0,IF($R33<>"",1,IF($N33="",0,$N33))) -> 0 | T33: =IF(OR($B33="",$E33=0),0,MEDIAN(0,($M$5-$C33)/($E33/24),1)) -> 1 | U33: =($S33-$T33)*$E33 -> -2 | V33: =IF(OR(AND($Q33<>"",$Q33<$C$8),AND($Q33<>"",$R33<>"",$R33<$Q33),AND($R33<>"",$Q33="")),1,0) -> 0 | W33: =IF($B33="","",IF($S33=1,IF($R33<>"",$R33,$D33),IF($Q33<>"",MAX($M$5,$Q33)+$E33*(1-$S33)/24,MAX($M$5,$C33)+$E33/24))) -> 46311.833 | X33: =IF($B33="","",ROUND(($W33-$D33)*24,1)) -> 9 | Y33: =IF($B33="","",IF($Q33<>"",$X33,IF($X33>0,MAX($X33,IF($Y32="",0,IF($Y32>0,$Y32-MAX(0,($C33-$D32)*24),$Y32))),IF($Y32="",0,IF($Y32>0,$Y32-MAX(0,($C33-$D32)*24),$Y32))))) -> 18 | AB33: =IF(AND($B33<>"",$F33>=7),1,0) -> 0
A34: =IF(OR($B34="",8>$O$10),"",8) -> 8 | B34: Installation of new precast culvert | C34: =IF(OR($B34="",8>$O$10),"",IF($F34=0,$C$8,IF($G34="SS",OFFSET($C$26,$F34,0)+$H34/24,IF($G34="FF",OFFSET($D$26,$F34,0)+$H34/24-$E34/24,IF($G34="SF",OFFSET($C$26,$F34,0)+$H34/24-$E34/24,OFFSET($D$26,$F34,0)+$H34/24))))) -> 46311.458 | D34: =IF(OR($B34="",8>$O$10),"",$C34+$E34/24) -> 46311.667 | E34: 5 | F34: 7 | G34: FS | H34: 0 | M34: =IF(OR($Q34="",$R34="",$V34=1),"",($R34-$Q34)*24) | O34: =IF(OR($B34="",8>$O$10),"",IF($AB34=1,"! CHECK LINK",IF($V34=1,"! CHECK DATES",IF($S34=1,IF($R34="","Completed",IF($R34<$D34,"Completed - Ahead",IF($R34<=$D34+1/1440,"Completed - On Time","Completed - Delayed"))),IF($Q34<>"",IF($Y34<=0.1,"In Progress - On Track","In Progress - BEHIND"),IF($M$5<$C34,"Not Started","NOT STARTED - LATE")))))) -> NOT STARTED - LATE | Q34: =IF($I34="","",$I34+IF($J34="",0,$J34)) | R34: =IF($K34="","",$K34+IF($L34="",0,$L34)) | S34: =IF($V34=1,0,IF($R34<>"",1,IF($N34="",0,$N34))) -> 0 | T34: =IF(OR($B34="",$E34=0),0,MEDIAN(0,($M$5-$C34)/($E34/24),1)) -> 1 | U34: =($S34-$T34)*$E34 -> -5 | V34: =IF(OR(AND($Q34<>"",$Q34<$C$8),AND($Q34<>"",$R34<>"",$R34<$Q34),AND($R34<>"",$Q34="")),1,0) -> 0 | W34: =IF($B34="","",IF($S34=1,IF($R34<>"",$R34,$D34),IF($Q34<>"",MAX($M$5,$Q34)+$E34*(1-$S34)/24,MAX($M$5,$C34)+$E34/24))) -> 46311.958 | X34: =IF($B34="","",ROUND(($W34-$D34)*24,1)) -> 7 | Y34: =IF($B34="","",IF($Q34<>"",$X34,IF($X34>0,MAX($X34,IF($Y33="",0,IF($Y33>0,$Y33-MAX(0,($C34-$D33)*24),$Y33))),IF($Y33="",0,IF($Y33>0,$Y33-MAX(0,($C34-$D33)*24),$Y33))))) -> 18 | AB34: =IF(AND($B34<>"",$F34>=8),1,0) -> 0
A35: =IF(OR($B35="",9>$O$10),"",9) -> 9 | B35: Apply sealant to the culvert | C35: =IF(OR($B35="",9>$O$10),"",IF($F35=0,$C$8,IF($G35="SS",OFFSET($C$26,$F35,0)+$H35/24,IF($G35="FF",OFFSET($D$26,$F35,0)+$H35/24-$E35/24,IF($G35="SF",OFFSET($C$26,$F35,0)+$H35/24-$E35/24,OFFSET($D$26,$F35,0)+$H35/24))))) -> 46311.667 | D35: =IF(OR($B35="",9>$O$10),"",$C35+$E35/24) -> 46311.75 | E35: 2 | F35: 8 | G35: FS | H35: 0 | M35: =IF(OR($Q35="",$R35="",$V35=1),"",($R35-$Q35)*24) | O35: =IF(OR($B35="",9>$O$10),"",IF($AB35=1,"! CHECK LINK",IF($V35=1,"! CHECK DATES",IF($S35=1,IF($R35="","Completed",IF($R35<$D35,"Completed - Ahead",IF($R35<=$D35+1/1440,"Completed - On Time","Completed - Delayed"))),IF($Q35<>"",IF($Y35<=0.1,"In Progress - On Track","In Progress - BEHIND"),IF($M$5<$C35,"Not Started","NOT STARTED - LATE")))))) -> NOT STARTED - LATE | Q35: =IF($I35="","",$I35+IF($J35="",0,$J35)) | R35: =IF($K35="","",$K35+IF($L35="",0,$L35)) | S35: =IF($V35=1,0,IF($R35<>"",1,IF($N35="",0,$N35))) -> 0 | T35: =IF(OR($B35="",$E35=0),0,MEDIAN(0,($M$5-$C35)/($E35/24),1)) -> 1 | U35: =($S35-$T35)*$E35 -> -2 | V35: =IF(OR(AND($Q35<>"",$Q35<$C$8),AND($Q35<>"",$R35<>"",$R35<$Q35),AND($R35<>"",$Q35="")),1,0) -> 0 | W35: =IF($B35="","",IF($S35=1,IF($R35<>"",$R35,$D35),IF($Q35<>"",MAX($M$5,$Q35)+$E35*(1-$S35)/24,MAX($M$5,$C35)+$E35/24))) -> 46311.833 | X35: =IF($B35="","",ROUND(($W35-$D35)*24,1)) -> 2 | Y35: =IF($B35="","",IF($Q35<>"",$X35,IF($X35>0,MAX($X35,IF($Y34="",0,IF($Y34>0,$Y34-MAX(0,($C35-$D34)*24),$Y34))),IF($Y34="",0,IF($Y34>0,$Y34-MAX(0,($C35-$D34)*24),$Y34))))) -> 18 | AB35: =IF(AND($B35<>"",$F35>=9),1,0) -> 0
A36: =IF(OR($B36="",10>$O$10),"",10) -> 10 | B36: Backfill around culvert to subgrade level | C36: =IF(OR($B36="",10>$O$10),"",IF($F36=0,$C$8,IF($G36="SS",OFFSET($C$26,$F36,0)+$H36/24,IF($G36="FF",OFFSET($D$26,$F36,0)+$H36/24-$E36/24,IF($G36="SF",OFFSET($C$26,$F36,0)+$H36/24-$E36/24,OFFSET($D$26,$F36,0)+$H36/24))))) -> 46311.75 | D36: =IF(OR($B36="",10>$O$10),"",$C36+$E36/24) -> 46311.958 | E36: 5 | F36: 9 | G36: FS | H36: 0 | M36: =IF(OR($Q36="",$R36="",$V36=1),"",($R36-$Q36)*24) | O36: =IF(OR($B36="",10>$O$10),"",IF($AB36=1,"! CHECK LINK",IF($V36=1,"! CHECK DATES",IF($S36=1,IF($R36="","Completed",IF($R36<$D36,"Completed - Ahead",IF($R36<=$D36+1/1440,"Completed - On Time","Completed - Delayed"))),IF($Q36<>"",IF($Y36<=0.1,"In Progress - On Track","In Progress - BEHIND"),IF($M$5<$C36,"Not Started","NOT STARTED - LATE")))))) -> NOT STARTED - LATE | Q36: =IF($I36="","",$I36+IF($J36="",0,$J36)) | R36: =IF($K36="","",$K36+IF($L36="",0,$L36)) | S36: =IF($V36=1,0,IF($R36<>"",1,IF($N36="",0,$N36))) -> 0 | T36: =IF(OR($B36="",$E36=0),0,MEDIAN(0,($M$5-$C36)/($E36/24),1)) -> 0 | U36: =($S36-$T36)*$E36 -> 0 | V36: =IF(OR(AND($Q36<>"",$Q36<$C$8),AND($Q36<>"",$R36<>"",$R36<$Q36),AND($R36<>"",$Q36="")),1,0) -> 0 | W36: =IF($B36="","",IF($S36=1,IF($R36<>"",$R36,$D36),IF($Q36<>"",MAX($M$5,$Q36)+$E36*(1-$S36)/24,MAX($M$5,$C36)+$E36/24))) -> 46311.958 | X36: =IF($B36="","",ROUND(($W36-$D36)*24,1)) -> 0 | Y36: =IF($B36="","",IF($Q36<>"",$X36,IF($X36>0,MAX($X36,IF($Y35="",0,IF($Y35>0,$Y35-MAX(0,($C36-$D35)*24),$Y35))),IF($Y35="",0,IF($Y35>0,$Y35-MAX(0,($C36-$D35)*24),$Y35))))) -> 18 | AB36: =IF(AND($B36<>"",$F36>=10),1,0) -> 0
A37: =IF(OR($B37="",11>$O$10),"",11) -> 11 | B37: Backfill Subgrade | C37: =IF(OR($B37="",11>$O$10),"",IF($F37=0,$C$8,IF($G37="SS",OFFSET($C$26,$F37,0)+$H37/24,IF($G37="FF",OFFSET($D$26,$F37,0)+$H37/24-$E37/24,IF($G37="SF",OFFSET($C$26,$F37,0)+$H37/24-$E37/24,OFFSET($D$26,$F37,0)+$H37/24))))) -> 46311.958 | D37: =IF(OR($B37="",11>$O$10),"",$C37+$E37/24) -> 46312.042 | E37: 2 | F37: 10 | G37: FS | H37: 0 | M37: =IF(OR($Q37="",$R37="",$V37=1),"",($R37-$Q37)*24) | O37: =IF(OR($B37="",11>$O$10),"",IF($AB37=1,"! CHECK LINK",IF($V37=1,"! CHECK DATES",IF($S37=1,IF($R37="","Completed",IF($R37<$D37,"Completed - Ahead",IF($R37<=$D37+1/1440,"Completed - On Time","Completed - Delayed"))),IF($Q37<>"",IF($Y37<=0.1,"In Progress - On Track","In Progress - BEHIND"),IF($M$5<$C37,"Not Started","NOT STARTED - LATE")))))) -> Not Started | Q37: =IF($I37="","",$I37+IF($J37="",0,$J37)) | R37: =IF($K37="","",$K37+IF($L37="",0,$L37)) | S37: =IF($V37=1,0,IF($R37<>"",1,IF($N37="",0,$N37))) -> 0 | T37: =IF(OR($B37="",$E37=0),0,MEDIAN(0,($M$5-$C37)/($E37/24),1)) -> 0 | U37: =($S37-$T37)*$E37 -> 0 | V37: =IF(OR(AND($Q37<>"",$Q37<$C$8),AND($Q37<>"",$R37<>"",$R37<$Q37),AND($R37<>"",$Q37="")),1,0) -> 0 | W37: =IF($B37="","",IF($S37=1,IF($R37<>"",$R37,$D37),IF($Q37<>"",MAX($M$5,$Q37)+$E37*(1-$S37)/24,MAX($M$5,$C37)+$E37/24))) -> 46312.042 | X37: =IF($B37="","",ROUND(($W37-$D37)*24,1)) -> 0 | Y37: =IF($B37="","",IF($Q37<>"",$X37,IF($X37>0,MAX($X37,IF($Y36="",0,IF($Y36>0,$Y36-MAX(0,($C37-$D36)*24),$Y36))),IF($Y36="",0,IF($Y36>0,$Y36-MAX(0,($C37-$D36)*24),$Y36))))) -> 18 | AB37: =IF(AND($B37<>"",$F37>=11),1,0) -> 0
A38: =IF(OR($B38="",12>$O$10),"",12) -> 12 | B38: First layer of ballast (Line 1) | C38: =IF(OR($B38="",12>$O$10),"",IF($F38=0,$C$8,IF($G38="SS",OFFSET($C$26,$F38,0)+$H38/24,IF($G38="FF",OFFSET($D$26,$F38,0)+$H38/24-$E38/24,IF($G38="SF",OFFSET($C$26,$F38,0)+$H38/24-$E38/24,OFFSET($D$26,$F38,0)+$H38/24))))) -> 46312.042 | D38: =IF(OR($B38="",12>$O$10),"",$C38+$E38/24) -> 46312.083 | E38: 1 | F38: 11 | G38: FS | H38: 0 | M38: =IF(OR($Q38="",$R38="",$V38=1),"",($R38-$Q38)*24) | O38: =IF(OR($B38="",12>$O$10),"",IF($AB38=1,"! CHECK LINK",IF($V38=1,"! CHECK DATES",IF($S38=1,IF($R38="","Completed",IF($R38<$D38,"Completed - Ahead",IF($R38<=$D38+1/1440,"Completed - On Time","Completed - Delayed"))),IF($Q38<>"",IF($Y38<=0.1,"In Progress - On Track","In Progress - BEHIND"),IF($M$5<$C38,"Not Started","NOT STARTED - LATE")))))) -> Not Started | Q38: =IF($I38="","",$I38+IF($J38="",0,$J38)) | R38: =IF($K38="","",$K38+IF($L38="",0,$L38)) | S38: =IF($V38=1,0,IF($R38<>"",1,IF($N38="",0,$N38))) -> 0 | T38: =IF(OR($B38="",$E38=0),0,MEDIAN(0,($M$5-$C38)/($E38/24),1)) -> 0 | U38: =($S38-$T38)*$E38 -> 0 | V38: =IF(OR(AND($Q38<>"",$Q38<$C$8),AND($Q38<>"",$R38<>"",$R38<$Q38),AND($R38<>"",$Q38="")),1,0) -> 0 | W38: =IF($B38="","",IF($S38=1,IF($R38<>"",$R38,$D38),IF($Q38<>"",MAX($M$5,$Q38)+$E38*(1-$S38)/24,MAX($M$5,$C38)+$E38/24))) -> 46312.083 | X38: =IF($B38="","",ROUND(($W38-$D38)*24,1)) -> 0 | Y38: =IF($B38="","",IF($Q38<>"",$X38,IF($X38>0,MAX($X38,IF($Y37="",0,IF($Y37>0,$Y37-MAX(0,($C38-$D37)*24),$Y37))),IF($Y37="",0,IF($Y37>0,$Y37-MAX(0,($C38-$D37)*24),$Y37))))) -> 18 | AB38: =IF(AND($B38<>"",$F38>=12),1,0) -> 0
A39: =IF(OR($B39="",13>$O$10),"",13) -> 13 | B39: First layer of ballast (Line 3) | C39: =IF(OR($B39="",13>$O$10),"",IF($F39=0,$C$8,IF($G39="SS",OFFSET($C$26,$F39,0)+$H39/24,IF($G39="FF",OFFSET($D$26,$F39,0)+$H39/24-$E39/24,IF($G39="SF",OFFSET($C$26,$F39,0)+$H39/24-$E39/24,OFFSET($D$26,$F39,0)+$H39/24))))) -> 46312.083 | D39: =IF(OR($B39="",13>$O$10),"",$C39+$E39/24) -> 46312.125 | E39: 1 | F39: 12 | G39: FS | H39: 0 | M39: =IF(OR($Q39="",$R39="",$V39=1),"",($R39-$Q39)*24) | O39: =IF(OR($B39="",13>$O$10),"",IF($AB39=1,"! CHECK LINK",IF($V39=1,"! CHECK DATES",IF($S39=1,IF($R39="","Completed",IF($R39<$D39,"Completed - Ahead",IF($R39<=$D39+1/1440,"Completed - On Time","Completed - Delayed"))),IF($Q39<>"",IF($Y39<=0.1,"In Progress - On Track","In Progress - BEHIND"),IF($M$5<$C39,"Not Started","NOT STARTED - LATE")))))) -> Not Started | Q39: =IF($I39="","",$I39+IF($J39="",0,$J39)) | R39: =IF($K39="","",$K39+IF($L39="",0,$L39)) | S39: =IF($V39=1,0,IF($R39<>"",1,IF($N39="",0,$N39))) -> 0 | T39: =IF(OR($B39="",$E39=0),0,MEDIAN(0,($M$5-$C39)/($E39/24),1)) -> 0 | U39: =($S39-$T39)*$E39 -> 0 | V39: =IF(OR(AND($Q39<>"",$Q39<$C$8),AND($Q39<>"",$R39<>"",$R39<$Q39),AND($R39<>"",$Q39="")),1,0) -> 0 | W39: =IF($B39="","",IF($S39=1,IF($R39<>"",$R39,$D39),IF($Q39<>"",MAX($M$5,$Q39)+$E39*(1-$S39)/24,MAX($M$5,$C39)+$E39/24))) -> 46312.125 | X39: =IF($B39="","",ROUND(($W39-$D39)*24,1)) -> 0 | Y39: =IF($B39="","",IF($Q39<>"",$X39,IF($X39>0,MAX($X39,IF($Y38="",0,IF($Y38>0,$Y38-MAX(0,($C39-$D38)*24),$Y38))),IF($Y38="",0,IF($Y38>0,$Y38-MAX(0,($C39-$D38)*24),$Y38))))) -> 18 | AB39: =IF(AND($B39<>"",$F39>=13),1,0) -> 0
A40: =IF(OR($B40="",14>$O$10),"",14) -> 14 | B40: Track installation (Line 1) | C40: =IF(OR($B40="",14>$O$10),"",IF($F40=0,$C$8,IF($G40="SS",OFFSET($C$26,$F40,0)+$H40/24,IF($G40="FF",OFFSET($D$26,$F40,0)+$H40/24-$E40/24,IF($G40="SF",OFFSET($C$26,$F40,0)+$H40/24-$E40/24,OFFSET($D$26,$F40,0)+$H40/24))))) -> 46312.125 | D40: =IF(OR($B40="",14>$O$10),"",$C40+$E40/24) -> 46312.167 | E40: 1 | F40: 13 | G40: FS | H40: 0 | M40: =IF(OR($Q40="",$R40="",$V40=1),"",($R40-$Q40)*24) | O40: =IF(OR($B40="",14>$O$10),"",IF($AB40=1,"! CHECK LINK",IF($V40=1,"! CHECK DATES",IF($S40=1,IF($R40="","Completed",IF($R40<$D40,"Completed - Ahead",IF($R40<=$D40+1/1440,"Completed - On Time","Completed - Delayed"))),IF($Q40<>"",IF($Y40<=0.1,"In Progress - On Track","In Progress - BEHIND"),IF($M$5<$C40,"Not Started","NOT STARTED - LATE")))))) -> Not Started | Q40: =IF($I40="","",$I40+IF($J40="",0,$J40)) | R40: =IF($K40="","",$K40+IF($L40="",0,$L40)) | S40: =IF($V40=1,0,IF($R40<>"",1,IF($N40="",0,$N40))) -> 0 | T40: =IF(OR($B40="",$E40=0),0,MEDIAN(0,($M$5-$C40)/($E40/24),1)) -> 0 | U40: =($S40-$T40)*$E40 -> 0 | V40: =IF(OR(AND($Q40<>"",$Q40<$C$8),AND($Q40<>"",$R40<>"",$R40<$Q40),AND($R40<>"",$Q40="")),1,0) -> 0 | W40: =IF($B40="","",IF($S40=1,IF($R40<>"",$R40,$D40),IF($Q40<>"",MAX($M$5,$Q40)+$E40*(1-$S40)/24,MAX($M$5,$C40)+$E40/24))) -> 46312.167 | X40: =IF($B40="","",ROUND(($W40-$D40)*24,1)) -> 0 | Y40: =IF($B40="","",IF($Q40<>"",$X40,IF($X40>0,MAX($X40,IF($Y39="",0,IF($Y39>0,$Y39-MAX(0,($C40-$D39)*24),$Y39))),IF($Y39="",0,IF($Y39>0,$Y39-MAX(0,($C40-$D39)*24),$Y39))))) -> 18 | AB40: =IF(AND($B40<>"",$F40>=14),1,0) -> 0
A41: =IF(OR($B41="",15>$O$10),"",15) -> 15 | B41: Track installation (Line 3) | C41: =IF(OR($B41="",15>$O$10),"",IF($F41=0,$C$8,IF($G41="SS",OFFSET($C$26,$F41,0)+$H41/24,IF($G41="FF",OFFSET($D$26,$F41,0)+$H41/24-$E41/24,IF($G41="SF",OFFSET($C$26,$F41,0)+$H41/24-$E41/24,OFFSET($D$26,$F41,0)+$H41/24))))) -> 46312.167 | D41: =IF(OR($B41="",15>$O$10),"",$C41+$E41/24) -> 46312.208 | E41: 1 | F41: 14 | G41: FS | H41: 0 | M41: =IF(OR($Q41="",$R41="",$V41=1),"",($R41-$Q41)*24) | O41: =IF(OR($B41="",15>$O$10),"",IF($AB41=1,"! CHECK LINK",IF($V41=1,"! CHECK DATES",IF($S41=1,IF($R41="","Completed",IF($R41<$D41,"Completed - Ahead",IF($R41<=$D41+1/1440,"Completed - On Time","Completed - Delayed"))),IF($Q41<>"",IF($Y41<=0.1,"In Progress - On Track","In Progress - BEHIND"),IF($M$5<$C41,"Not Started","NOT STARTED - LATE")))))) -> Not Started | Q41: =IF($I41="","",$I41+IF($J41="",0,$J41)) | R41: =IF($K41="","",$K41+IF($L41="",0,$L41)) | S41: =IF($V41=1,0,IF($R41<>"",1,IF($N41="",0,$N41))) -> 0 | T41: =IF(OR($B41="",$E41=0),0,MEDIAN(0,($M$5-$C41)/($E41/24),1)) -> 0 | U41: =($S41-$T41)*$E41 -> 0 | V41: =IF(OR(AND($Q41<>"",$Q41<$C$8),AND($Q41<>"",$R41<>"",$R41<$Q41),AND($R41<>"",$Q41="")),1,0) -> 0 | W41: =IF($B41="","",IF($S41=1,IF($R41<>"",$R41,$D41),IF($Q41<>"",MAX($M$5,$Q41)+$E41*(1-$S41)/24,MAX($M$5,$C41)+$E41/24))) -> 46312.208 | X41: =IF($B41="","",ROUND(($W41-$D41)*24,1)) -> 0 | Y41: =IF($B41="","",IF($Q41<>"",$X41,IF($X41>0,MAX($X41,IF($Y40="",0,IF($Y40>0,$Y40-MAX(0,($C41-$D40)*24),$Y40))),IF($Y40="",0,IF($Y40>0,$Y40-MAX(0,($C41-$D40)*24),$Y40))))) -> 18 | AB41: =IF(AND($B41<>"",$F41>=15),1,0) -> 0
A42: =IF(OR($B42="",16>$O$10),"",16) -> 16 | B42: 1st & 2nd Ballasting / Tamping (Line 1) | C42: =IF(OR($B42="",16>$O$10),"",IF($F42=0,$C$8,IF($G42="SS",OFFSET($C$26,$F42,0)+$H42/24,IF($G42="FF",OFFSET($D$26,$F42,0)+$H42/24-$E42/24,IF($G42="SF",OFFSET($C$26,$F42,0)+$H42/24-$E42/24,OFFSET($D$26,$F42,0)+$H42/24))))) -> 46312.208 | D42: =IF(OR($B42="",16>$O$10),"",$C42+$E42/24) -> 46312.25 | E42: 1 | F42: 15 | G42: FS | H42: 0 | M42: =IF(OR($Q42="",$R42="",$V42=1),"",($R42-$Q42)*24) | O42: =IF(OR($B42="",16>$O$10),"",IF($AB42=1,"! CHECK LINK",IF($V42=1,"! CHECK DATES",IF($S42=1,IF($R42="","Completed",IF($R42<$D42,"Completed - Ahead",IF($R42<=$D42+1/1440,"Completed - On Time","Completed - Delayed"))),IF($Q42<>"",IF($Y42<=0.1,"In Progress - On Track","In Progress - BEHIND"),IF($M$5<$C42,"Not Started","NOT STARTED - LATE")))))) -> Not Started | Q42: =IF($I42="","",$I42+IF($J42="",0,$J42)) | R42: =IF($K42="","",$K42+IF($L42="",0,$L42)) | S42: =IF($V42=1,0,IF($R42<>"",1,IF($N42="",0,$N42))) -> 0 | T42: =IF(OR($B42="",$E42=0),0,MEDIAN(0,($M$5-$C42)/($E42/24),1)) -> 0 | U42: =($S42-$T42)*$E42 -> 0 | V42: =IF(OR(AND($Q42<>"",$Q42<$C$8),AND($Q42<>"",$R42<>"",$R42<$Q42),AND($R42<>"",$Q42="")),1,0) -> 0 | W42: =IF($B42="","",IF($S42=1,IF($R42<>"",$R42,$D42),IF($Q42<>"",MAX($M$5,$Q42)+$E42*(1-$S42)/24,MAX($M$5,$C42)+$E42/24))) -> 46312.25 | X42: =IF($B42="","",ROUND(($W42-$D42)*24,1)) -> 0 | Y42: =IF($B42="","",IF($Q42<>"",$X42,IF($X42>0,MAX($X42,IF($Y41="",0,IF($Y41>0,$Y41-MAX(0,($C42-$D41)*24),$Y41))),IF($Y41="",0,IF($Y41>0,$Y41-MAX(0,($C42-$D41)*24),$Y41))))) -> 18 | AB42: =IF(AND($B42<>"",$F42>=16),1,0) -> 0
A43: =IF(OR($B43="",17>$O$10),"",17) -> 17 | B43: Final Ballasting / Tamping (Line 1) | C43: =IF(OR($B43="",17>$O$10),"",IF($F43=0,$C$8,IF($G43="SS",OFFSET($C$26,$F43,0)+$H43/24,IF($G43="FF",OFFSET($D$26,$F43,0)+$H43/24-$E43/24,IF($G43="SF",OFFSET($C$26,$F43,0)+$H43/24-$E43/24,OFFSET($D$26,$F43,0)+$H43/24))))) -> 46312.25 | D43: =IF(OR($B43="",17>$O$10),"",$C43+$E43/24) -> 46312.292 | E43: 1 | F43: 16 | G43: FS | H43: 0 | M43: =IF(OR($Q43="",$R43="",$V43=1),"",($R43-$Q43)*24) | O43: =IF(OR($B43="",17>$O$10),"",IF($AB43=1,"! CHECK LINK",IF($V43=1,"! CHECK DATES",IF($S43=1,IF($R43="","Completed",IF($R43<$D43,"Completed - Ahead",IF($R43<=$D43+1/1440,"Completed - On Time","Completed - Delayed"))),IF($Q43<>"",IF($Y43<=0.1,"In Progress - On Track","In Progress - BEHIND"),IF($M$5<$C43,"Not Started","NOT STARTED - LATE")))))) -> Not Started | Q43: =IF($I43="","",$I43+IF($J43="",0,$J43)) | R43: =IF($K43="","",$K43+IF($L43="",0,$L43)) | S43: =IF($V43=1,0,IF($R43<>"",1,IF($N43="",0,$N43))) -> 0 | T43: =IF(OR($B43="",$E43=0),0,MEDIAN(0,($M$5-$C43)/($E43/24),1)) -> 0 | U43: =($S43-$T43)*$E43 -> 0 | V43: =IF(OR(AND($Q43<>"",$Q43<$C$8),AND($Q43<>"",$R43<>"",$R43<$Q43),AND($R43<>"",$Q43="")),1,0) -> 0 | W43: =IF($B43="","",IF($S43=1,IF($R43<>"",$R43,$D43),IF($Q43<>"",MAX($M$5,$Q43)+$E43*(1-$S43)/24,MAX($M$5,$C43)+$E43/24))) -> 46312.292 | X43: =IF($B43="","",ROUND(($W43-$D43)*24,1)) -> 0 | Y43: =IF($B43="","",IF($Q43<>"",$X43,IF($X43>0,MAX($X43,IF($Y42="",0,IF($Y42>0,$Y42-MAX(0,($C43-$D42)*24),$Y42))),IF($Y42="",0,IF($Y42>0,$Y42-MAX(0,($C43-$D42)*24),$Y42))))) -> 18 | AB43: =IF(AND($B43<>"",$F43>=17),1,0) -> 0
A44: =IF(OR($B44="",18>$O$10),"",18) -> 18 | B44: OTMP moves from line 1 to Line 3 TK 121+000 | C44: =IF(OR($B44="",18>$O$10),"",IF($F44=0,$C$8,IF($G44="SS",OFFSET($C$26,$F44,0)+$H44/24,IF($G44="FF",OFFSET($D$26,$F44,0)+$H44/24-$E44/24,IF($G44="SF",OFFSET($C$26,$F44,0)+$H44/24-$E44/24,OFFSET($D$26,$F44,0)+$H44/24))))) -> 46312.292 | D44: =IF(OR($B44="",18>$O$10),"",$C44+$E44/24) -> 46312.333 | E44: 1 | F44: 17 | G44: FS | H44: 0 | M44: =IF(OR($Q44="",$R44="",$V44=1),"",($R44-$Q44)*24) | O44: =IF(OR($B44="",18>$O$10),"",IF($AB44=1,"! CHECK LINK",IF($V44=1,"! CHECK DATES",IF($S44=1,IF($R44="","Completed",IF($R44<$D44,"Completed - Ahead",IF($R44<=$D44+1/1440,"Completed - On Time","Completed - Delayed"))),IF($Q44<>"",IF($Y44<=0.1,"In Progress - On Track","In Progress - BEHIND"),IF($M$5<$C44,"Not Started","NOT STARTED - LATE")))))) -> Not Started | Q44: =IF($I44="","",$I44+IF($J44="",0,$J44)) | R44: =IF($K44="","",$K44+IF($L44="",0,$L44)) | S44: =IF($V44=1,0,IF($R44<>"",1,IF($N44="",0,$N44))) -> 0 | T44: =IF(OR($B44="",$E44=0),0,MEDIAN(0,($M$5-$C44)/($E44/24),1)) -> 0 | U44: =($S44-$T44)*$E44 -> 0 | V44: =IF(OR(AND($Q44<>"",$Q44<$C$8),AND($Q44<>"",$R44<>"",$R44<$Q44),AND($R44<>"",$Q44="")),1,0) -> 0 | W44: =IF($B44="","",IF($S44=1,IF($R44<>"",$R44,$D44),IF($Q44<>"",MAX($M$5,$Q44)+$E44*(1-$S44)/24,MAX($M$5,$C44)+$E44/24))) -> 46312.333 | X44: =IF($B44="","",ROUND(($W44-$D44)*24,1)) -> 0 | Y44: =IF($B44="","",IF($Q44<>"",$X44,IF($X44>0,MAX($X44,IF($Y43="",0,IF($Y43>0,$Y43-MAX(0,($C44-$D43)*24),$Y43))),IF($Y43="",0,IF($Y43>0,$Y43-MAX(0,($C44-$D43)*24),$Y43))))) -> 18 | AB44: =IF(AND($B44<>"",$F44>=18),1,0) -> 0
A45: =IF(OR($B45="",19>$O$10),"",19) -> 19 | B45: ATW – 2U (out of destressing) (Line 1) | C45: =IF(OR($B45="",19>$O$10),"",IF($F45=0,$C$8,IF($G45="SS",OFFSET($C$26,$F45,0)+$H45/24,IF($G45="FF",OFFSET($D$26,$F45,0)+$H45/24-$E45/24,IF($G45="SF",OFFSET($C$26,$F45,0)+$H45/24-$E45/24,OFFSET($D$26,$F45,0)+$H45/24))))) -> 46312.333 | D45: =IF(OR($B45="",19>$O$10),"",$C45+$E45/24) -> 46312.417 | E45: 2 | F45: 18 | G45: FS | H45: 0 | M45: =IF(OR($Q45="",$R45="",$V45=1),"",($R45-$Q45)*24) | O45: =IF(OR($B45="",19>$O$10),"",IF($AB45=1,"! CHECK LINK",IF($V45=1,"! CHECK DATES",IF($S45=1,IF($R45="","Completed",IF($R45<$D45,"Completed - Ahead",IF($R45<=$D45+1/1440,"Completed - On Time","Completed - Delayed"))),IF($Q45<>"",IF($Y45<=0.1,"In Progress - On Track","In Progress - BEHIND"),IF($M$5<$C45,"Not Started","NOT STARTED - LATE")))))) -> Not Started | Q45: =IF($I45="","",$I45+IF($J45="",0,$J45)) | R45: =IF($K45="","",$K45+IF($L45="",0,$L45)) | S45: =IF($V45=1,0,IF($R45<>"",1,IF($N45="",0,$N45))) -> 0 | T45: =IF(OR($B45="",$E45=0),0,MEDIAN(0,($M$5-$C45)/($E45/24),1)) -> 0 | U45: =($S45-$T45)*$E45 -> 0 | V45: =IF(OR(AND($Q45<>"",$Q45<$C$8),AND($Q45<>"",$R45<>"",$R45<$Q45),AND($R45<>"",$Q45="")),1,0) -> 0 | W45: =IF($B45="","",IF($S45=1,IF($R45<>"",$R45,$D45),IF($Q45<>"",MAX($M$5,$Q45)+$E45*(1-$S45)/24,MAX($M$5,$C45)+$E45/24))) -> 46312.417 | X45: =IF($B45="","",ROUND(($W45-$D45)*24,1)) -> 0 | Y45: =IF($B45="","",IF($Q45<>"",$X45,IF($X45>0,MAX($X45,IF($Y44="",0,IF($Y44>0,$Y44-MAX(0,($C45-$D44)*24),$Y44))),IF($Y44="",0,IF($Y44>0,$Y44-MAX(0,($C45-$D44)*24),$Y44))))) -> 18 | AB45: =IF(AND($B45<>"",$F45>=19),1,0) -> 0
A46: =IF(OR($B46="",20>$O$10),"",20) -> 20 | B46: ATW – 2U (out of destressing) (Line 3) | C46: =IF(OR($B46="",20>$O$10),"",IF($F46=0,$C$8,IF($G46="SS",OFFSET($C$26,$F46,0)+$H46/24,IF($G46="FF",OFFSET($D$26,$F46,0)+$H46/24-$E46/24,IF($G46="SF",OFFSET($C$26,$F46,0)+$H46/24-$E46/24,OFFSET($D$26,$F46,0)+$H46/24))))) -> 46312.417 | D46: =IF(OR($B46="",20>$O$10),"",$C46+$E46/24) -> 46312.5 | E46: 2 | F46: 19 | G46: FS | H46: 0 | M46: =IF(OR($Q46="",$R46="",$V46=1),"",($R46-$Q46)*24) | O46: =IF(OR($B46="",20>$O$10),"",IF($AB46=1,"! CHECK LINK",IF($V46=1,"! CHECK DATES",IF($S46=1,IF($R46="","Completed",IF($R46<$D46,"Completed - Ahead",IF($R46<=$D46+1/1440,"Completed - On Time","Completed - Delayed"))),IF($Q46<>"",IF($Y46<=0.1,"In Progress - On Track","In Progress - BEHIND"),IF($M$5<$C46,"Not Started","NOT STARTED - LATE")))))) -> Not Started | Q46: =IF($I46="","",$I46+IF($J46="",0,$J46)) | R46: =IF($K46="","",$K46+IF($L46="",0,$L46)) | S46: =IF($V46=1,0,IF($R46<>"",1,IF($N46="",0,$N46))) -> 0 | T46: =IF(OR($B46="",$E46=0),0,MEDIAN(0,($M$5-$C46)/($E46/24),1)) -> 0 | U46: =($S46-$T46)*$E46 -> 0 | V46: =IF(OR(AND($Q46<>"",$Q46<$C$8),AND($Q46<>"",$R46<>"",$R46<$Q46),AND($R46<>"",$Q46="")),1,0) -> 0 | W46: =IF($B46="","",IF($S46=1,IF($R46<>"",$R46,$D46),IF($Q46<>"",MAX($M$5,$Q46)+$E46*(1-$S46)/24,MAX($M$5,$C46)+$E46/24))) -> 46312.5 | X46: =IF($B46="","",ROUND(($W46-$D46)*24,1)) -> 0 | Y46: =IF($B46="","",IF($Q46<>"",$X46,IF($X46>0,MAX($X46,IF($Y45="",0,IF($Y45>0,$Y45-MAX(0,($C46-$D45)*24),$Y45))),IF($Y45="",0,IF($Y45>0,$Y45-MAX(0,($C46-$D45)*24),$Y45))))) -> 18 | AB46: =IF(AND($B46<>"",$F46>=20),1,0) -> 0
A47: =IF(OR($B47="",21>$O$10),"",21) -> 21 | B47: 1st & 2nd Ballasting / Tamping (Line 3) | C47: =IF(OR($B47="",21>$O$10),"",IF($F47=0,$C$8,IF($G47="SS",OFFSET($C$26,$F47,0)+$H47/24,IF($G47="FF",OFFSET($D$26,$F47,0)+$H47/24-$E47/24,IF($G47="SF",OFFSET($C$26,$F47,0)+$H47/24-$E47/24,OFFSET($D$26,$F47,0)+$H47/24))))) -> 46312.5 | D47: =IF(OR($B47="",21>$O$10),"",$C47+$E47/24) -> 46312.542 | E47: 1 | F47: 20 | G47: FS | H47: 0 | M47: =IF(OR($Q47="",$R47="",$V47=1),"",($R47-$Q47)*24) | O47: =IF(OR($B47="",21>$O$10),"",IF($AB47=1,"! CHECK LINK",IF($V47=1,"! CHECK DATES",IF($S47=1,IF($R47="","Completed",IF($R47<$D47,"Completed - Ahead",IF($R47<=$D47+1/1440,"Completed - On Time","Completed - Delayed"))),IF($Q47<>"",IF($Y47<=0.1,"In Progress - On Track","In Progress - BEHIND"),IF($M$5<$C47,"Not Started","NOT STARTED - LATE")))))) -> Not Started | Q47: =IF($I47="","",$I47+IF($J47="",0,$J47)) | R47: =IF($K47="","",$K47+IF($L47="",0,$L47)) | S47: =IF($V47=1,0,IF($R47<>"",1,IF($N47="",0,$N47))) -> 0 | T47: =IF(OR($B47="",$E47=0),0,MEDIAN(0,($M$5-$C47)/($E47/24),1)) -> 0 | U47: =($S47-$T47)*$E47 -> 0 | V47: =IF(OR(AND($Q47<>"",$Q47<$C$8),AND($Q47<>"",$R47<>"",$R47<$Q47),AND($R47<>"",$Q47="")),1,0) -> 0 | W47: =IF($B47="","",IF($S47=1,IF($R47<>"",$R47,$D47),IF($Q47<>"",MAX($M$5,$Q47)+$E47*(1-$S47)/24,MAX($M$5,$C47)+$E47/24))) -> 46312.542 | X47: =IF($B47="","",ROUND(($W47-$D47)*24,1)) -> 0 | Y47: =IF($B47="","",IF($Q47<>"",$X47,IF($X47>0,MAX($X47,IF($Y46="",0,IF($Y46>0,$Y46-MAX(0,($C47-$D46)*24),$Y46))),IF($Y46="",0,IF($Y46>0,$Y46-MAX(0,($C47-$D46)*24),$Y46))))) -> 18 | AB47: =IF(AND($B47<>"",$F47>=21),1,0) -> 0
A48: =IF(OR($B48="",22>$O$10),"",22) -> 22 | B48: Final Ballasting / Tamping (Line 3) | C48: =IF(OR($B48="",22>$O$10),"",IF($F48=0,$C$8,IF($G48="SS",OFFSET($C$26,$F48,0)+$H48/24,IF($G48="FF",OFFSET($D$26,$F48,0)+$H48/24-$E48/24,IF($G48="SF",OFFSET($C$26,$F48,0)+$H48/24-$E48/24,OFFSET($D$26,$F48,0)+$H48/24))))) -> 46312.542 | D48: =IF(OR($B48="",22>$O$10),"",$C48+$E48/24) -> 46312.583 | E48: 1 | F48: 21 | G48: FS | H48: 0 | M48: =IF(OR($Q48="",$R48="",$V48=1),"",($R48-$Q48)*24) | O48: =IF(OR($B48="",22>$O$10),"",IF($AB48=1,"! CHECK LINK",IF($V48=1,"! CHECK DATES",IF($S48=1,IF($R48="","Completed",IF($R48<$D48,"Completed - Ahead",IF($R48<=$D48+1/1440,"Completed - On Time","Completed - Delayed"))),IF($Q48<>"",IF($Y48<=0.1,"In Progress - On Track","In Progress - BEHIND"),IF($M$5<$C48,"Not Started","NOT STARTED - LATE")))))) -> Not Started | Q48: =IF($I48="","",$I48+IF($J48="",0,$J48)) | R48: =IF($K48="","",$K48+IF($L48="",0,$L48)) | S48: =IF($V48=1,0,IF($R48<>"",1,IF($N48="",0,$N48))) -> 0 | T48: =IF(OR($B48="",$E48=0),0,MEDIAN(0,($M$5-$C48)/($E48/24),1)) -> 0 | U48: =($S48-$T48)*$E48 -> 0 | V48: =IF(OR(AND($Q48<>"",$Q48<$C$8),AND($Q48<>"",$R48<>"",$R48<$Q48),AND($R48<>"",$Q48="")),1,0) -> 0 | W48: =IF($B48="","",IF($S48=1,IF($R48<>"",$R48,$D48),IF($Q48<>"",MAX($M$5,$Q48)+$E48*(1-$S48)/24,MAX($M$5,$C48)+$E48/24))) -> 46312.583 | X48: =IF($B48="","",ROUND(($W48-$D48)*24,1)) -> 0 | Y48: =IF($B48="","",IF($Q48<>"",$X48,IF($X48>0,MAX($X48,IF($Y47="",0,IF($Y47>0,$Y47-MAX(0,($C48-$D47)*24),$Y47))),IF($Y47="",0,IF($Y47>0,$Y47-MAX(0,($C48-$D47)*24),$Y47))))) -> 18 | AB48: =IF(AND($B48<>"",$F48>=22),1,0) -> 0
A49: =IF(OR($B49="",23>$O$10),"",23) -> 23 | B49: OTMP back towards station 29 | C49: =IF(OR($B49="",23>$O$10),"",IF($F49=0,$C$8,IF($G49="SS",OFFSET($C$26,$F49,0)+$H49/24,IF($G49="FF",OFFSET($D$26,$F49,0)+$H49/24-$E49/24,IF($G49="SF",OFFSET($C$26,$F49,0)+$H49/24-$E49/24,OFFSET($D$26,$F49,0)+$H49/24))))) -> 46312.583 | D49: =IF(OR($B49="",23>$O$10),"",$C49+$E49/24) -> 46312.667 | E49: 2 | F49: 22 | G49: FS | H49: 0 | M49: =IF(OR($Q49="",$R49="",$V49=1),"",($R49-$Q49)*24) | O49: =IF(OR($B49="",23>$O$10),"",IF($AB49=1,"! CHECK LINK",IF($V49=1,"! CHECK DATES",IF($S49=1,IF($R49="","Completed",IF($R49<$D49,"Completed - Ahead",IF($R49<=$D49+1/1440,"Completed - On Time","Completed - Delayed"))),IF($Q49<>"",IF($Y49<=0.1,"In Progress - On Track","In Progress - BEHIND"),IF($M$5<$C49,"Not Started","NOT STARTED - LATE")))))) -> Not Started | Q49: =IF($I49="","",$I49+IF($J49="",0,$J49)) | R49: =IF($K49="","",$K49+IF($L49="",0,$L49)) | S49: =IF($V49=1,0,IF($R49<>"",1,IF($N49="",0,$N49))) -> 0 | T49: =IF(OR($B49="",$E49=0),0,MEDIAN(0,($M$5-$C49)/($E49/24),1)) -> 0 | U49: =($S49-$T49)*$E49 -> 0 | V49: =IF(OR(AND($Q49<>"",$Q49<$C$8),AND($Q49<>"",$R49<>"",$R49<$Q49),AND($R49<>"",$Q49="")),1,0) -> 0 | W49: =IF($B49="","",IF($S49=1,IF($R49<>"",$R49,$D49),IF($Q49<>"",MAX($M$5,$Q49)+$E49*(1-$S49)/24,MAX($M$5,$C49)+$E49/24))) -> 46312.667 | X49: =IF($B49="","",ROUND(($W49-$D49)*24,1)) -> 0 | Y49: =IF($B49="","",IF($Q49<>"",$X49,IF($X49>0,MAX($X49,IF($Y48="",0,IF($Y48>0,$Y48-MAX(0,($C49-$D48)*24),$Y48))),IF($Y48="",0,IF($Y48>0,$Y48-MAX(0,($C49-$D48)*24),$Y48))))) -> 18 | AB49: =IF(AND($B49<>"",$F49>=23),1,0) -> 0
A50: =IF(OR($B50="",24>$O$10),"",24) -> 24 | B50: Destressing (incl. 2 ATW) (Line 1) | C50: =IF(OR($B50="",24>$O$10),"",IF($F50=0,$C$8,IF($G50="SS",OFFSET($C$26,$F50,0)+$H50/24,IF($G50="FF",OFFSET($D$26,$F50,0)+$H50/24-$E50/24,IF($G50="SF",OFFSET($C$26,$F50,0)+$H50/24-$E50/24,OFFSET($D$26,$F50,0)+$H50/24))))) -> 46312.667 | D50: =IF(OR($B50="",24>$O$10),"",$C50+$E50/24) -> 46312.833 | E50: 4 | F50: 23 | G50: FS | H50: 0 | M50: =IF(OR($Q50="",$R50="",$V50=1),"",($R50-$Q50)*24) | O50: =IF(OR($B50="",24>$O$10),"",IF($AB50=1,"! CHECK LINK",IF($V50=1,"! CHECK DATES",IF($S50=1,IF($R50="","Completed",IF($R50<$D50,"Completed - Ahead",IF($R50<=$D50+1/1440,"Completed - On Time","Completed - Delayed"))),IF($Q50<>"",IF($Y50<=0.1,"In Progress - On Track","In Progress - BEHIND"),IF($M$5<$C50,"Not Started","NOT STARTED - LATE")))))) -> Not Started | Q50: =IF($I50="","",$I50+IF($J50="",0,$J50)) | R50: =IF($K50="","",$K50+IF($L50="",0,$L50)) | S50: =IF($V50=1,0,IF($R50<>"",1,IF($N50="",0,$N50))) -> 0 | T50: =IF(OR($B50="",$E50=0),0,MEDIAN(0,($M$5-$C50)/($E50/24),1)) -> 0 | U50: =($S50-$T50)*$E50 -> 0 | V50: =IF(OR(AND($Q50<>"",$Q50<$C$8),AND($Q50<>"",$R50<>"",$R50<$Q50),AND($R50<>"",$Q50="")),1,0) -> 0 | W50: =IF($B50="","",IF($S50=1,IF($R50<>"",$R50,$D50),IF($Q50<>"",MAX($M$5,$Q50)+$E50*(1-$S50)/24,MAX($M$5,$C50)+$E50/24))) -> 46312.833 | X50: =IF($B50="","",ROUND(($W50-$D50)*24,1)) -> 0 | Y50: =IF($B50="","",IF($Q50<>"",$X50,IF($X50>0,MAX($X50,IF($Y49="",0,IF($Y49>0,$Y49-MAX(0,($C50-$D49)*24),$Y49))),IF($Y49="",0,IF($Y49>0,$Y49-MAX(0,($C50-$D49)*24),$Y49))))) -> 18 | AB50: =IF(AND($B50<>"",$F50>=24),1,0) -> 0
A51: =IF(OR($B51="",25>$O$10),"",25) -> 25 | B51: Destressing (incl. 2 ATW) (Line 3) | C51: =IF(OR($B51="",25>$O$10),"",IF($F51=0,$C$8,IF($G51="SS",OFFSET($C$26,$F51,0)+$H51/24,IF($G51="FF",OFFSET($D$26,$F51,0)+$H51/24-$E51/24,IF($G51="SF",OFFSET($C$26,$F51,0)+$H51/24-$E51/24,OFFSET($D$26,$F51,0)+$H51/24))))) -> 46312.833 | D51: =IF(OR($B51="",25>$O$10),"",$C51+$E51/24) -> 46313 | E51: 4 | F51: 24 | G51: FS | H51: 0 | M51: =IF(OR($Q51="",$R51="",$V51=1),"",($R51-$Q51)*24) | O51: =IF(OR($B51="",25>$O$10),"",IF($AB51=1,"! CHECK LINK",IF($V51=1,"! CHECK DATES",IF($S51=1,IF($R51="","Completed",IF($R51<$D51,"Completed - Ahead",IF($R51<=$D51+1/1440,"Completed - On Time","Completed - Delayed"))),IF($Q51<>"",IF($Y51<=0.1,"In Progress - On Track","In Progress - BEHIND"),IF($M$5<$C51,"Not Started","NOT STARTED - LATE")))))) -> Not Started | Q51: =IF($I51="","",$I51+IF($J51="",0,$J51)) | R51: =IF($K51="","",$K51+IF($L51="",0,$L51)) | S51: =IF($V51=1,0,IF($R51<>"",1,IF($N51="",0,$N51))) -> 0 | T51: =IF(OR($B51="",$E51=0),0,MEDIAN(0,($M$5-$C51)/($E51/24),1)) -> 0 | U51: =($S51-$T51)*$E51 -> 0 | V51: =IF(OR(AND($Q51<>"",$Q51<$C$8),AND($Q51<>"",$R51<>"",$R51<$Q51),AND($R51<>"",$Q51="")),1,0) -> 0 | W51: =IF($B51="","",IF($S51=1,IF($R51<>"",$R51,$D51),IF($Q51<>"",MAX($M$5,$Q51)+$E51*(1-$S51)/24,MAX($M$5,$C51)+$E51/24))) -> 46313 | X51: =IF($B51="","",ROUND(($W51-$D51)*24,1)) -> 0 | Y51: =IF($B51="","",IF($Q51<>"",$X51,IF($X51>0,MAX($X51,IF($Y50="",0,IF($Y50>0,$Y50-MAX(0,($C51-$D50)*24),$Y50))),IF($Y50="",0,IF($Y50>0,$Y50-MAX(0,($C51-$D50)*24),$Y50))))) -> 18 | AB51: =IF(AND($B51<>"",$F51>=25),1,0) -> 0
A52: =IF(OR($B52="",26>$O$10),"",26) -> 26 | B52: Finishing (grinding, stamp, UT, inspection) | C52: =IF(OR($B52="",26>$O$10),"",IF($F52=0,$C$8,IF($G52="SS",OFFSET($C$26,$F52,0)+$H52/24,IF($G52="FF",OFFSET($D$26,$F52,0)+$H52/24-$E52/24,IF($G52="SF",OFFSET($C$26,$F52,0)+$H52/24-$E52/24,OFFSET($D$26,$F52,0)+$H52/24))))) -> 46313 | D52: =IF(OR($B52="",26>$O$10),"",$C52+$E52/24) -> 46313.042 | E52: 1 | F52: 25 | G52: FS | H52: 0 | M52: =IF(OR($Q52="",$R52="",$V52=1),"",($R52-$Q52)*24) | O52: =IF(OR($B52="",26>$O$10),"",IF($AB52=1,"! CHECK LINK",IF($V52=1,"! CHECK DATES",IF($S52=1,IF($R52="","Completed",IF($R52<$D52,"Completed - Ahead",IF($R52<=$D52+1/1440,"Completed - On Time","Completed - Delayed"))),IF($Q52<>"",IF($Y52<=0.1,"In Progress - On Track","In Progress - BEHIND"),IF($M$5<$C52,"Not Started","NOT STARTED - LATE")))))) -> Not Started | Q52: =IF($I52="","",$I52+IF($J52="",0,$J52)) | R52: =IF($K52="","",$K52+IF($L52="",0,$L52)) | S52: =IF($V52=1,0,IF($R52<>"",1,IF($N52="",0,$N52))) -> 0 | T52: =IF(OR($B52="",$E52=0),0,MEDIAN(0,($M$5-$C52)/($E52/24),1)) -> 0 | U52: =($S52-$T52)*$E52 -> 0 | V52: =IF(OR(AND($Q52<>"",$Q52<$C$8),AND($Q52<>"",$R52<>"",$R52<$Q52),AND($R52<>"",$Q52="")),1,0) -> 0 | W52: =IF($B52="","",IF($S52=1,IF($R52<>"",$R52,$D52),IF($Q52<>"",MAX($M$5,$Q52)+$E52*(1-$S52)/24,MAX($M$5,$C52)+$E52/24))) -> 46313.042 | X52: =IF($B52="","",ROUND(($W52-$D52)*24,1)) -> 0 | Y52: =IF($B52="","",IF($Q52<>"",$X52,IF($X52>0,MAX($X52,IF($Y51="",0,IF($Y51>0,$Y51-MAX(0,($C52-$D51)*24),$Y51))),IF($Y51="",0,IF($Y51>0,$Y51-MAX(0,($C52-$D51)*24),$Y51))))) -> 18 | AB52: =IF(AND($B52<>"",$F52>=26),1,0) -> 0
A53: TOT | B53: =IF($B$15="","",$B$15&" - sum of activity hours") -> C263 – KM 209+025 - sum of activity hours | D53: =IF(COUNT($D27:$D52)=0,"",MAX($D27:$D52)) -> 46313.042 | E53: =SUM($E27:$E52) -> 51 | M53: =SUM($M27:$M52) -> 0 | N53: =$S53 -> 0 | O53: =IF($B$15="","",IF($X53<=0,"ON TRACK","BEHIND")) -> BEHIND | S53: =IF($E53=0,0,SUMPRODUCT($E27:$E52,$S27:$S52)/$E53) -> 0 | T53: =IF($E53=0,0,SUMPRODUCT($E27:$E52,$T27:$T52)/$E53) -> 0.39215686 | U53: =$S53-$T53 -> -0.39215686 | W53: =IF($D53="","",$D53+$X53/24) -> 46313.792 | X53: =IF(COUNT($Y27:$Y52)=0,0,LOOKUP(9.9E+307,$Y27:$Y52)) -> 18
A55: =IF($B$16="","LOCATION 2 - not used"," LOCATION 2 - "&$B$16) -> LOCATION 2 - C265 – KM 210+525
A56: No | B56: ACTIVITY (leave blank to switch the row off) | C56: Planned Start | D56: Planned Finish | E56: DUR (h) | F56: PRED No | G56: REL | H56: LAG (h) | I56: ACT START Date | J56: ACT START Time | K56: ACT FINISH Date | L56: ACT FINISH Time | M56: ACT Dur | N56: % COMP | O56: STATUS (auto) | P56: REMARKS
A57: =IF(OR($B57="",1>$O$10),"",1) -> 1 | B57: OTMP moves from station 29 to Main Line 1 | C57: =IF(OR($B57="",1>$O$10),"",IF($F57=0,$C$8,IF($G57="SS",OFFSET($C$56,$F57,0)+$H57/24,IF($G57="FF",OFFSET($D$56,$F57,0)+$H57/24-$E57/24,IF($G57="SF",OFFSET($C$56,$F57,0)+$H57/24-$E57/24,OFFSET($D$56,$F57,0)+$H57/24))))) -> 46311 | D57: =IF(OR($B57="",1>$O$10),"",$C57+$E57/24) -> 46311.042 | E57: 1 | F57: 0 | G57: FS | H57: 0 | M57: =IF(OR($Q57="",$R57="",$V57=1),"",($R57-$Q57)*24) | O57: =IF(OR($B57="",1>$O$10),"",IF($AB57=1,"! CHECK LINK",IF($V57=1,"! CHECK DATES",IF($S57=1,IF($R57="","Completed",IF($R57<$D57,"Completed - Ahead",IF($R57<=$D57+1/1440,"Completed - On Time","Completed - Delayed"))),IF($Q57<>"",IF($Y57<=0.1,"In Progress - On Track","In Progress - BEHIND"),IF($M$5<$C57,"Not Started","NOT STARTED - LATE")))))) -> NOT STARTED - LATE | Q57: =IF($I57="","",$I57+IF($J57="",0,$J57)) | R57: =IF($K57="","",$K57+IF($L57="",0,$L57)) | S57: =IF($V57=1,0,IF($R57<>"",1,IF($N57="",0,$N57))) -> 0 | T57: =IF(OR($B57="",$E57=0),0,MEDIAN(0,($M$5-$C57)/($E57/24),1)) -> 1 | U57: =($S57-$T57)*$E57 -> -1 | V57: =IF(OR(AND($Q57<>"",$Q57<$C$8),AND($Q57<>"",$R57<>"",$R57<$Q57),AND($R57<>"",$Q57="")),1,0) -> 0 | W57: =IF($B57="","",IF($S57=1,IF($R57<>"",$R57,$D57),IF($Q57<>"",MAX($M$5,$Q57)+$E57*(1-$S57)/24,MAX($M$5,$C57)+$E57/24))) -> 46311.792 | X57: =IF($B57="","",ROUND(($W57-$D57)*24,1)) -> 18 | Y57: =IF($B57="","",$X57) -> 18 | AB57: =IF(AND($B57<>"",$F57>=1),1,0) -> 0
A58: =IF(OR($B58="",2>$O$10),"",2) -> 2 | B58: Track removal & panel evacuation (Line 1) | C58: =IF(OR($B58="",2>$O$10),"",IF($F58=0,$C$8,IF($G58="SS",OFFSET($C$56,$F58,0)+$H58/24,IF($G58="FF",OFFSET($D$56,$F58,0)+$H58/24-$E58/24,IF($G58="SF",OFFSET($C$56,$F58,0)+$H58/24-$E58/24,OFFSET($D$56,$F58,0)+$H58/24))))) -> 46311.042 | D58: =IF(OR($B58="",2>$O$10),"",$C58+$E58/24) -> 46311.083 | E58: 1 | F58: 1 | G58: FS | H58: 0 | M58: =IF(OR($Q58="",$R58="",$V58=1),"",($R58-$Q58)*24) | O58: =IF(OR($B58="",2>$O$10),"",IF($AB58=1,"! CHECK LINK",IF($V58=1,"! CHECK DATES",IF($S58=1,IF($R58="","Completed",IF($R58<$D58,"Completed - Ahead",IF($R58<=$D58+1/1440,"Completed - On Time","Completed - Delayed"))),IF($Q58<>"",IF($Y58<=0.1,"In Progress - On Track","In Progress - BEHIND"),IF($M$5<$C58,"Not Started","NOT STARTED - LATE")))))) -> NOT STARTED - LATE | Q58: =IF($I58="","",$I58+IF($J58="",0,$J58)) | R58: =IF($K58="","",$K58+IF($L58="",0,$L58)) | S58: =IF($V58=1,0,IF($R58<>"",1,IF($N58="",0,$N58))) -> 0 | T58: =IF(OR($B58="",$E58=0),0,MEDIAN(0,($M$5-$C58)/($E58/24),1)) -> 1 | U58: =($S58-$T58)*$E58 -> -1 | V58: =IF(OR(AND($Q58<>"",$Q58<$C$8),AND($Q58<>"",$R58<>"",$R58<$Q58),AND($R58<>"",$Q58="")),1,0) -> 0 | W58: =IF($B58="","",IF($S58=1,IF($R58<>"",$R58,$D58),IF($Q58<>"",MAX($M$5,$Q58)+$E58*(1-$S58)/24,MAX($M$5,$C58)+$E58/24))) -> 46311.792 | X58: =IF($B58="","",ROUND(($W58-$D58)*24,1)) -> 17 | Y58: =IF($B58="","",IF($Q58<>"",$X58,IF($X58>0,MAX($X58,IF($Y57="",0,IF($Y57>0,$Y57-MAX(0,($C58-$D57)*24),$Y57))),IF($Y57="",0,IF($Y57>0,$Y57-MAX(0,($C58-$D57)*24),$Y57))))) -> 18 | AB58: =IF(AND($B58<>"",$F58>=2),1,0) -> 0
A59: =IF(OR($B59="",3>$O$10),"",3) -> 3 | B59: Track removal & panel evacuation (Line 3) | C59: =IF(OR($B59="",3>$O$10),"",IF($F59=0,$C$8,IF($G59="SS",OFFSET($C$56,$F59,0)+$H59/24,IF($G59="FF",OFFSET($D$56,$F59,0)+$H59/24-$E59/24,IF($G59="SF",OFFSET($C$56,$F59,0)+$H59/24-$E59/24,OFFSET($D$56,$F59,0)+$H59/24))))) -> 46311 | D59: =IF(OR($B59="",3>$O$10),"",$C59+$E59/24) -> 46311.042 | E59: 1 | F59: 1 | G59: SS | H59: 0 | M59: =IF(OR($Q59="",$R59="",$V59=1),"",($R59-$Q59)*24) | O59: =IF(OR($B59="",3>$O$10),"",IF($AB59=1,"! CHECK LINK",IF($V59=1,"! CHECK DATES",IF($S59=1,IF($R59="","Completed",IF($R59<$D59,"Completed - Ahead",IF($R59<=$D59+1/1440,"Completed - On Time","Completed - Delayed"))),IF($Q59<>"",IF($Y59<=0.1,"In Progress - On Track","In Progress - BEHIND"),IF($M$5<$C59,"Not Started","NOT STARTED - LATE")))))) -> NOT STARTED - LATE | Q59: =IF($I59="","",$I59+IF($J59="",0,$J59)) | R59: =IF($K59="","",$K59+IF($L59="",0,$L59)) | S59: =IF($V59=1,0,IF($R59<>"",1,IF($N59="",0,$N59))) -> 0 | T59: =IF(OR($B59="",$E59=0),0,MEDIAN(0,($M$5-$C59)/($E59/24),1)) -> 1 | U59: =($S59-$T59)*$E59 -> -1 | V59: =IF(OR(AND($Q59<>"",$Q59<$C$8),AND($Q59<>"",$R59<>"",$R59<$Q59),AND($R59<>"",$Q59="")),1,0) -> 0 | W59: =IF($B59="","",IF($S59=1,IF($R59<>"",$R59,$D59),IF($Q59<>"",MAX($M$5,$Q59)+$E59*(1-$S59)/24,MAX($M$5,$C59)+$E59/24))) -> 46311.792 | X59: =IF($B59="","",ROUND(($W59-$D59)*24,1)) -> 18 | Y59: =IF($B59="","",IF($Q59<>"",$X59,IF($X59>0,MAX($X59,IF($Y58="",0,IF($Y58>0,$Y58-MAX(0,($C59-$D58)*24),$Y58))),IF($Y58="",0,IF($Y58>0,$Y58-MAX(0,($C59-$D58)*24),$Y58))))) -> 18 | AB59: =IF(AND($B59<>"",$F59>=3),1,0) -> 0
A60: =IF(OR($B60="",4>$O$10),"",4) -> 4 | B60: Ballast removal | C60: =IF(OR($B60="",4>$O$10),"",IF($F60=0,$C$8,IF($G60="SS",OFFSET($C$56,$F60,0)+$H60/24,IF($G60="FF",OFFSET($D$56,$F60,0)+$H60/24-$E60/24,IF($G60="SF",OFFSET($C$56,$F60,0)+$H60/24-$E60/24,OFFSET($D$56,$F60,0)+$H60/24))))) -> 46311.042 | D60: =IF(OR($B60="",4>$O$10),"",$C60+$E60/24) -> 46311.083 | E60: 1 | F60: 3 | G60: FS | H60: 0 | M60: =IF(OR($Q60="",$R60="",$V60=1),"",($R60-$Q60)*24) | O60: =IF(OR($B60="",4>$O$10),"",IF($AB60=1,"! CHECK LINK",IF($V60=1,"! CHECK DATES",IF($S60=1,IF($R60="","Completed",IF($R60<$D60,"Completed - Ahead",IF($R60<=$D60+1/1440,"Completed - On Time","Completed - Delayed"))),IF($Q60<>"",IF($Y60<=0.1,"In Progress - On Track","In Progress - BEHIND"),IF($M$5<$C60,"Not Started","NOT STARTED - LATE")))))) -> NOT STARTED - LATE | Q60: =IF($I60="","",$I60+IF($J60="",0,$J60)) | R60: =IF($K60="","",$K60+IF($L60="",0,$L60)) | S60: =IF($V60=1,0,IF($R60<>"",1,IF($N60="",0,$N60))) -> 0 | T60: =IF(OR($B60="",$E60=0),0,MEDIAN(0,($M$5-$C60)/($E60/24),1)) -> 1 | U60: =($S60-$T60)*$E60 -> -1 | V60: =IF(OR(AND($Q60<>"",$Q60<$C$8),AND($Q60<>"",$R60<>"",$R60<$Q60),AND($R60<>"",$Q60="")),1,0) -> 0 | W60: =IF($B60="","",IF($S60=1,IF($R60<>"",$R60,$D60),IF($Q60<>"",MAX($M$5,$Q60)+$E60*(1-$S60)/24,MAX($M$5,$C60)+$E60/24))) -> 46311.792 | X60: =IF($B60="","",ROUND(($W60-$D60)*24,1)) -> 17 | Y60: =IF($B60="","",IF($Q60<>"",$X60,IF($X60>0,MAX($X60,IF($Y59="",0,IF($Y59>0,$Y59-MAX(0,($C60-$D59)*24),$Y59))),IF($Y59="",0,IF($Y59>0,$Y59-MAX(0,($C60-$D59)*24),$Y59))))) -> 18 | AB60: =IF(AND($B60<>"",$F60>=4),1,0) -> 0
A61: =IF(OR($B61="",5>$O$10),"",5) -> 5 | B61: Cutting & removal around existing culvert | C61: =IF(OR($B61="",5>$O$10),"",IF($F61=0,$C$8,IF($G61="SS",OFFSET($C$56,$F61,0)+$H61/24,IF($G61="FF",OFFSET($D$56,$F61,0)+$H61/24-$E61/24,IF($G61="SF",OFFSET($C$56,$F61,0)+$H61/24-$E61/24,OFFSET($D$56,$F61,0)+$H61/24))))) -> 46311.083 | D61: =IF(OR($B61="",5>$O$10),"",$C61+$E61/24) -> 46311.167 | E61: 2 | F61: 4 | G61: FS | H61: 0 | M61: =IF(OR($Q61="",$R61="",$V61=1),"",($R61-$Q61)*24) | O61: =IF(OR($B61="",5>$O$10),"",IF($AB61=1,"! CHECK LINK",IF($V61=1,"! CHECK DATES",IF($S61=1,IF($R61="","Completed",IF($R61<$D61,"Completed - Ahead",IF($R61<=$D61+1/1440,"Completed - On Time","Completed - Delayed"))),IF($Q61<>"",IF($Y61<=0.1,"In Progress - On Track","In Progress - BEHIND"),IF($M$5<$C61,"Not Started","NOT STARTED - LATE")))))) -> NOT STARTED - LATE | Q61: =IF($I61="","",$I61+IF($J61="",0,$J61)) | R61: =IF($K61="","",$K61+IF($L61="",0,$L61)) | S61: =IF($V61=1,0,IF($R61<>"",1,IF($N61="",0,$N61))) -> 0 | T61: =IF(OR($B61="",$E61=0),0,MEDIAN(0,($M$5-$C61)/($E61/24),1)) -> 1 | U61: =($S61-$T61)*$E61 -> -2 | V61: =IF(OR(AND($Q61<>"",$Q61<$C$8),AND($Q61<>"",$R61<>"",$R61<$Q61),AND($R61<>"",$Q61="")),1,0) -> 0 | W61: =IF($B61="","",IF($S61=1,IF($R61<>"",$R61,$D61),IF($Q61<>"",MAX($M$5,$Q61)+$E61*(1-$S61)/24,MAX($M$5,$C61)+$E61/24))) -> 46311.833 | X61: =IF($B61="","",ROUND(($W61-$D61)*24,1)) -> 16 | Y61: =IF($B61="","",IF($Q61<>"",$X61,IF($X61>0,MAX($X61,IF($Y60="",0,IF($Y60>0,$Y60-MAX(0,($C61-$D60)*24),$Y60))),IF($Y60="",0,IF($Y60>0,$Y60-MAX(0,($C61-$D60)*24),$Y60))))) -> 18 | AB61: =IF(AND($B61<>"",$F61>=5),1,0) -> 0
A62: =IF(OR($B62="",6>$O$10),"",6) -> 6 | B62: Demolition of existing culvert | C62: =IF(OR($B62="",6>$O$10),"",IF($F62=0,$C$8,IF($G62="SS",OFFSET($C$56,$F62,0)+$H62/24,IF($G62="FF",OFFSET($D$56,$F62,0)+$H62/24-$E62/24,IF($G62="SF",OFFSET($C$56,$F62,0)+$H62/24-$E62/24,OFFSET($D$56,$F62,0)+$H62/24))))) -> 46311.167 | D62: =IF(OR($B62="",6>$O$10),"",$C62+$E62/24) -> 46311.25 | E62: 2 | F62: 5 | G62: FS | H62: 0 | M62: =IF(OR($Q62="",$R62="",$V62=1),"",($R62-$Q62)*24) | O62: =IF(OR($B62="",6>$O$10),"",IF($AB62=1,"! CHECK LINK",IF($V62=1,"! CHECK DATES",IF($S62=1,IF($R62="","Completed",IF($R62<$D62,"Completed - Ahead",IF($R62<=$D62+1/1440,"Completed - On Time","Completed - Delayed"))),IF($Q62<>"",IF($Y62<=0.1,"In Progress - On Track","In Progress - BEHIND"),IF($M$5<$C62,"Not Started","NOT STARTED - LATE")))))) -> NOT STARTED - LATE | Q62: =IF($I62="","",$I62+IF($J62="",0,$J62)) | R62: =IF($K62="","",$K62+IF($L62="",0,$L62)) | S62: =IF($V62=1,0,IF($R62<>"",1,IF($N62="",0,$N62))) -> 0 | T62: =IF(OR($B62="",$E62=0),0,MEDIAN(0,($M$5-$C62)/($E62/24),1)) -> 1 | U62: =($S62-$T62)*$E62 -> -2 | V62: =IF(OR(AND($Q62<>"",$Q62<$C$8),AND($Q62<>"",$R62<>"",$R62<$Q62),AND($R62<>"",$Q62="")),1,0) -> 0 | W62: =IF($B62="","",IF($S62=1,IF($R62<>"",$R62,$D62),IF($Q62<>"",MAX($M$5,$Q62)+$E62*(1-$S62)/24,MAX($M$5,$C62)+$E62/24))) -> 46311.833 | X62: =IF($B62="","",ROUND(($W62-$D62)*24,1)) -> 14 | Y62: =IF($B62="","",IF($Q62<>"",$X62,IF($X62>0,MAX($X62,IF($Y61="",0,IF($Y61>0,$Y61-MAX(0,($C62-$D61)*24),$Y61))),IF($Y61="",0,IF($Y61>0,$Y61-MAX(0,($C62-$D61)*24),$Y61))))) -> 18 | AB62: =IF(AND($B62<>"",$F62>=6),1,0) -> 0
A63: =IF(OR($B63="",7>$O$10),"",7) -> 7 | B63: Surface preparation for precast installation | C63: =IF(OR($B63="",7>$O$10),"",IF($F63=0,$C$8,IF($G63="SS",OFFSET($C$56,$F63,0)+$H63/24,IF($G63="FF",OFFSET($D$56,$F63,0)+$H63/24-$E63/24,IF($G63="SF",OFFSET($C$56,$F63,0)+$H63/24-$E63/24,OFFSET($D$56,$F63,0)+$H63/24))))) -> 46311.25 | D63: =IF(OR($B63="",7>$O$10),"",$C63+$E63/24) -> 46311.333 | E63: 2 | F63: 6 | G63: FS | H63: 0 | M63: =IF(OR($Q63="",$R63="",$V63=1),"",($R63-$Q63)*24) | O63: =IF(OR($B63="",7>$O$10),"",IF($AB63=1,"! CHECK LINK",IF($V63=1,"! CHECK DATES",IF($S63=1,IF($R63="","Completed",IF($R63<$D63,"Completed - Ahead",IF($R63<=$D63+1/1440,"Completed - On Time","Completed - Delayed"))),IF($Q63<>"",IF($Y63<=0.1,"In Progress - On Track","In Progress - BEHIND"),IF($M$5<$C63,"Not Started","NOT STARTED - LATE")))))) -> NOT STARTED - LATE | Q63: =IF($I63="","",$I63+IF($J63="",0,$J63)) | R63: =IF($K63="","",$K63+IF($L63="",0,$L63)) | S63: =IF($V63=1,0,IF($R63<>"",1,IF($N63="",0,$N63))) -> 0 | T63: =IF(OR($B63="",$E63=0),0,MEDIAN(0,($M$5-$C63)/($E63/24),1)) -> 1 | U63: =($S63-$T63)*$E63 -> -2 | V63: =IF(OR(AND($Q63<>"",$Q63<$C$8),AND($Q63<>"",$R63<>"",$R63<$Q63),AND($R63<>"",$Q63="")),1,0) -> 0 | W63: =IF($B63="","",IF($S63=1,IF($R63<>"",$R63,$D63),IF($Q63<>"",MAX($M$5,$Q63)+$E63*(1-$S63)/24,MAX($M$5,$C63)+$E63/24))) -> 46311.833 | X63: =IF($B63="","",ROUND(($W63-$D63)*24,1)) -> 12 | Y63: =IF($B63="","",IF($Q63<>"",$X63,IF($X63>0,MAX($X63,IF($Y62="",0,IF($Y62>0,$Y62-MAX(0,($C63-$D62)*24),$Y62))),IF($Y62="",0,IF($Y62>0,$Y62-MAX(0,($C63-$D62)*24),$Y62))))) -> 18 | AB63: =IF(AND($B63<>"",$F63>=7),1,0) -> 0
A64: =IF(OR($B64="",8>$O$10),"",8) -> 8 | B64: Installation of new precast culvert | C64: =IF(OR($B64="",8>$O$10),"",IF($F64=0,$C$8,IF($G64="SS",OFFSET($C$56,$F64,0)+$H64/24,IF($G64="FF",OFFSET($D$56,$F64,0)+$H64/24-$E64/24,IF($G64="SF",OFFSET($C$56,$F64,0)+$H64/24-$E64/24,OFFSET($D$56,$F64,0)+$H64/24))))) -> 46311.333 | D64: =IF(OR($B64="",8>$O$10),"",$C64+$E64/24) -> 46311.458 | E64: 3 | F64: 7 | G64: FS | H64: 0 | M64: =IF(OR($Q64="",$R64="",$V64=1),"",($R64-$Q64)*24) | O64: =IF(OR($B64="",8>$O$10),"",IF($AB64=1,"! CHECK LINK",IF($V64=1,"! CHECK DATES",IF($S64=1,IF($R64="","Completed",IF($R64<$D64,"Completed - Ahead",IF($R64<=$D64+1/1440,"Completed - On Time","Completed - Delayed"))),IF($Q64<>"",IF($Y64<=0.1,"In Progress - On Track","In Progress - BEHIND"),IF($M$5<$C64,"Not Started","NOT STARTED - LATE")))))) -> NOT STARTED - LATE | Q64: =IF($I64="","",$I64+IF($J64="",0,$J64)) | R64: =IF($K64="","",$K64+IF($L64="",0,$L64)) | S64: =IF($V64=1,0,IF($R64<>"",1,IF($N64="",0,$N64))) -> 0 | T64: =IF(OR($B64="",$E64=0),0,MEDIAN(0,($M$5-$C64)/($E64/24),1)) -> 1 | U64: =($S64-$T64)*$E64 -> -3 | V64: =IF(OR(AND($Q64<>"",$Q64<$C$8),AND($Q64<>"",$R64<>"",$R64<$Q64),AND($R64<>"",$Q64="")),1,0) -> 0 | W64: =IF($B64="","",IF($S64=1,IF($R64<>"",$R64,$D64),IF($Q64<>"",MAX($M$5,$Q64)+$E64*(1-$S64)/24,MAX($M$5,$C64)+$E64/24))) -> 46311.875 | X64: =IF($B64="","",ROUND(($W64-$D64)*24,1)) -> 10 | Y64: =IF($B64="","",IF($Q64<>"",$X64,IF($X64>0,MAX($X64,IF($Y63="",0,IF($Y63>0,$Y63-MAX(0,($C64-$D63)*24),$Y63))),IF($Y63="",0,IF($Y63>0,$Y63-MAX(0,($C64-$D63)*24),$Y63))))) -> 18 | AB64: =IF(AND($B64<>"",$F64>=8),1,0) -> 0
A65: =IF(OR($B65="",9>$O$10),"",9) -> 9 | B65: Apply sealant to the culvert | C65: =IF(OR($B65="",9>$O$10),"",IF($F65=0,$C$8,IF($G65="SS",OFFSET($C$56,$F65,0)+$H65/24,IF($G65="FF",OFFSET($D$56,$F65,0)+$H65/24-$E65/24,IF($G65="SF",OFFSET($C$56,$F65,0)+$H65/24-$E65/24,OFFSET($D$56,$F65,0)+$H65/24))))) -> 46311.458 | D65: =IF(OR($B65="",9>$O$10),"",$C65+$E65/24) -> 46311.5 | E65: 1 | F65: 8 | G65: FS | H65: 0 | M65: =IF(OR($Q65="",$R65="",$V65=1),"",($R65-$Q65)*24) | O65: =IF(OR($B65="",9>$O$10),"",IF($AB65=1,"! CHECK LINK",IF($V65=1,"! CHECK DATES",IF($S65=1,IF($R65="","Completed",IF($R65<$D65,"Completed - Ahead",IF($R65<=$D65+1/1440,"Completed - On Time","Completed - Delayed"))),IF($Q65<>"",IF($Y65<=0.1,"In Progress - On Track","In Progress - BEHIND"),IF($M$5<$C65,"Not Started","NOT STARTED - LATE")))))) -> NOT STARTED - LATE | Q65: =IF($I65="","",$I65+IF($J65="",0,$J65)) | R65: =IF($K65="","",$K65+IF($L65="",0,$L65)) | S65: =IF($V65=1,0,IF($R65<>"",1,IF($N65="",0,$N65))) -> 0 | T65: =IF(OR($B65="",$E65=0),0,MEDIAN(0,($M$5-$C65)/($E65/24),1)) -> 1 | U65: =($S65-$T65)*$E65 -> -1 | V65: =IF(OR(AND($Q65<>"",$Q65<$C$8),AND($Q65<>"",$R65<>"",$R65<$Q65),AND($R65<>"",$Q65="")),1,0) -> 0 | W65: =IF($B65="","",IF($S65=1,IF($R65<>"",$R65,$D65),IF($Q65<>"",MAX($M$5,$Q65)+$E65*(1-$S65)/24,MAX($M$5,$C65)+$E65/24))) -> 46311.792 | X65: =IF($B65="","",ROUND(($W65-$D65)*24,1)) -> 7 | Y65: =IF($B65="","",IF($Q65<>"",$X65,IF($X65>0,MAX($X65,IF($Y64="",0,IF($Y64>0,$Y64-MAX(0,($C65-$D64)*24),$Y64))),IF($Y64="",0,IF($Y64>0,$Y64-MAX(0,($C65-$D64)*24),$Y64))))) -> 18 | AB65: =IF(AND($B65<>"",$F65>=9),1,0) -> 0
A66: =IF(OR($B66="",10>$O$10),"",10) -> 10 | B66: Backfill around culvert to subgrade level | C66: =IF(OR($B66="",10>$O$10),"",IF($F66=0,$C$8,IF($G66="SS",OFFSET($C$56,$F66,0)+$H66/24,IF($G66="FF",OFFSET($D$56,$F66,0)+$H66/24-$E66/24,IF($G66="SF",OFFSET($C$56,$F66,0)+$H66/24-$E66/24,OFFSET($D$56,$F66,0)+$H66/24))))) -> 46311.5 | D66: =IF(OR($B66="",10>$O$10),"",$C66+$E66/24) -> 46311.625 | E66: 3 | F66: 9 | G66: FS | H66: 0 | M66: =IF(OR($Q66="",$R66="",$V66=1),"",($R66-$Q66)*24) | O66: =IF(OR($B66="",10>$O$10),"",IF($AB66=1,"! CHECK LINK",IF($V66=1,"! CHECK DATES",IF($S66=1,IF($R66="","Completed",IF($R66<$D66,"Completed - Ahead",IF($R66<=$D66+1/1440,"Completed - On Time","Completed - Delayed"))),IF($Q66<>"",IF($Y66<=0.1,"In Progress - On Track","In Progress - BEHIND"),IF($M$5<$C66,"Not Started","NOT STARTED - LATE")))))) -> NOT STARTED - LATE | Q66: =IF($I66="","",$I66+IF($J66="",0,$J66)) | R66: =IF($K66="","",$K66+IF($L66="",0,$L66)) | S66: =IF($V66=1,0,IF($R66<>"",1,IF($N66="",0,$N66))) -> 0 | T66: =IF(OR($B66="",$E66=0),0,MEDIAN(0,($M$5-$C66)/($E66/24),1)) -> 1 | U66: =($S66-$T66)*$E66 -> -3 | V66: =IF(OR(AND($Q66<>"",$Q66<$C$8),AND($Q66<>"",$R66<>"",$R66<$Q66),AND($R66<>"",$Q66="")),1,0) -> 0 | W66: =IF($B66="","",IF($S66=1,IF($R66<>"",$R66,$D66),IF($Q66<>"",MAX($M$5,$Q66)+$E66*(1-$S66)/24,MAX($M$5,$C66)+$E66/24))) -> 46311.875 | X66: =IF($B66="","",ROUND(($W66-$D66)*24,1)) -> 6 | Y66: =IF($B66="","",IF($Q66<>"",$X66,IF($X66>0,MAX($X66,IF($Y65="",0,IF($Y65>0,$Y65-MAX(0,($C66-$D65)*24),$Y65))),IF($Y65="",0,IF($Y65>0,$Y65-MAX(0,($C66-$D65)*24),$Y65))))) -> 18 | AB66: =IF(AND($B66<>"",$F66>=10),1,0) -> 0
A67: =IF(OR($B67="",11>$O$10),"",11) -> 11 | B67: Backfill Subgrade | C67: =IF(OR($B67="",11>$O$10),"",IF($F67=0,$C$8,IF($G67="SS",OFFSET($C$56,$F67,0)+$H67/24,IF($G67="FF",OFFSET($D$56,$F67,0)+$H67/24-$E67/24,IF($G67="SF",OFFSET($C$56,$F67,0)+$H67/24-$E67/24,OFFSET($D$56,$F67,0)+$H67/24))))) -> 46311.625 | D67: =IF(OR($B67="",11>$O$10),"",$C67+$E67/24) -> 46311.667 | E67: 1 | F67: 10 | G67: FS | H67: 0 | M67: =IF(OR($Q67="",$R67="",$V67=1),"",($R67-$Q67)*24) | O67: =IF(OR($B67="",11>$O$10),"",IF($AB67=1,"! CHECK LINK",IF($V67=1,"! CHECK DATES",IF($S67=1,IF($R67="","Completed",IF($R67<$D67,"Completed - Ahead",IF($R67<=$D67+1/1440,"Completed - On Time","Completed - Delayed"))),IF($Q67<>"",IF($Y67<=0.1,"In Progress - On Track","In Progress - BEHIND"),IF($M$5<$C67,"Not Started","NOT STARTED - LATE")))))) -> NOT STARTED - LATE | Q67: =IF($I67="","",$I67+IF($J67="",0,$J67)) | R67: =IF($K67="","",$K67+IF($L67="",0,$L67)) | S67: =IF($V67=1,0,IF($R67<>"",1,IF($N67="",0,$N67))) -> 0 | T67: =IF(OR($B67="",$E67=0),0,MEDIAN(0,($M$5-$C67)/($E67/24),1)) -> 1 | U67: =($S67-$T67)*$E67 -> -1 | V67: =IF(OR(AND($Q67<>"",$Q67<$C$8),AND($Q67<>"",$R67<>"",$R67<$Q67),AND($R67<>"",$Q67="")),1,0) -> 0 | W67: =IF($B67="","",IF($S67=1,IF($R67<>"",$R67,$D67),IF($Q67<>"",MAX($M$5,$Q67)+$E67*(1-$S67)/24,MAX($M$5,$C67)+$E67/24))) -> 46311.792 | X67: =IF($B67="","",ROUND(($W67-$D67)*24,1)) -> 3 | Y67: =IF($B67="","",IF($Q67<>"",$X67,IF($X67>0,MAX($X67,IF($Y66="",0,IF($Y66>0,$Y66-MAX(0,($C67-$D66)*24),$Y66))),IF($Y66="",0,IF($Y66>0,$Y66-MAX(0,($C67-$D66)*24),$Y66))))) -> 18 | AB67: =IF(AND($B67<>"",$F67>=11),1,0) -> 0
A68: =IF(OR($B68="",12>$O$10),"",12) -> 12 | B68: First layer of ballast (Line 1) | C68: =IF(OR($B68="",12>$O$10),"",IF($F68=0,$C$8,IF($G68="SS",OFFSET($C$56,$F68,0)+$H68/24,IF($G68="FF",OFFSET($D$56,$F68,0)+$H68/24-$E68/24,IF($G68="SF",OFFSET($C$56,$F68,0)+$H68/24-$E68/24,OFFSET($D$56,$F68,0)+$H68/24))))) -> 46311.667 | D68: =IF(OR($B68="",12>$O$10),"",$C68+$E68/24) -> 46311.708 | E68: 1 | F68: 11 | G68: FS | H68: 0 | M68: =IF(OR($Q68="",$R68="",$V68=1),"",($R68-$Q68)*24) | O68: =IF(OR($B68="",12>$O$10),"",IF($AB68=1,"! CHECK LINK",IF($V68=1,"! CHECK DATES",IF($S68=1,IF($R68="","Completed",IF($R68<$D68,"Completed - Ahead",IF($R68<=$D68+1/1440,"Completed - On Time","Completed - Delayed"))),IF($Q68<>"",IF($Y68<=0.1,"In Progress - On Track","In Progress - BEHIND"),IF($M$5<$C68,"Not Started","NOT STARTED - LATE")))))) -> NOT STARTED - LATE | Q68: =IF($I68="","",$I68+IF($J68="",0,$J68)) | R68: =IF($K68="","",$K68+IF($L68="",0,$L68)) | S68: =IF($V68=1,0,IF($R68<>"",1,IF($N68="",0,$N68))) -> 0 | T68: =IF(OR($B68="",$E68=0),0,MEDIAN(0,($M$5-$C68)/($E68/24),1)) -> 1 | U68: =($S68-$T68)*$E68 -> -1 | V68: =IF(OR(AND($Q68<>"",$Q68<$C$8),AND($Q68<>"",$R68<>"",$R68<$Q68),AND($R68<>"",$Q68="")),1,0) -> 0 | W68: =IF($B68="","",IF($S68=1,IF($R68<>"",$R68,$D68),IF($Q68<>"",MAX($M$5,$Q68)+$E68*(1-$S68)/24,MAX($M$5,$C68)+$E68/24))) -> 46311.792 | X68: =IF($B68="","",ROUND(($W68-$D68)*24,1)) -> 2 | Y68: =IF($B68="","",IF($Q68<>"",$X68,IF($X68>0,MAX($X68,IF($Y67="",0,IF($Y67>0,$Y67-MAX(0,($C68-$D67)*24),$Y67))),IF($Y67="",0,IF($Y67>0,$Y67-MAX(0,($C68-$D67)*24),$Y67))))) -> 18 | AB68: =IF(AND($B68<>"",$F68>=12),1,0) -> 0
A69: =IF(OR($B69="",13>$O$10),"",13) -> 13 | B69: First layer of ballast (Line 3) | C69: =IF(OR($B69="",13>$O$10),"",IF($F69=0,$C$8,IF($G69="SS",OFFSET($C$56,$F69,0)+$H69/24,IF($G69="FF",OFFSET($D$56,$F69,0)+$H69/24-$E69/24,IF($G69="SF",OFFSET($C$56,$F69,0)+$H69/24-$E69/24,OFFSET($D$56,$F69,0)+$H69/24))))) -> 46311.708 | D69: =IF(OR($B69="",13>$O$10),"",$C69+$E69/24) -> 46311.75 | E69: 1 | F69: 12 | G69: FS | H69: 0 | M69: =IF(OR($Q69="",$R69="",$V69=1),"",($R69-$Q69)*24) | O69: =IF(OR($B69="",13>$O$10),"",IF($AB69=1,"! CHECK LINK",IF($V69=1,"! CHECK DATES",IF($S69=1,IF($R69="","Completed",IF($R69<$D69,"Completed - Ahead",IF($R69<=$D69+1/1440,"Completed - On Time","Completed - Delayed"))),IF($Q69<>"",IF($Y69<=0.1,"In Progress - On Track","In Progress - BEHIND"),IF($M$5<$C69,"Not Started","NOT STARTED - LATE")))))) -> NOT STARTED - LATE | Q69: =IF($I69="","",$I69+IF($J69="",0,$J69)) | R69: =IF($K69="","",$K69+IF($L69="",0,$L69)) | S69: =IF($V69=1,0,IF($R69<>"",1,IF($N69="",0,$N69))) -> 0 | T69: =IF(OR($B69="",$E69=0),0,MEDIAN(0,($M$5-$C69)/($E69/24),1)) -> 1 | U69: =($S69-$T69)*$E69 -> -1 | V69: =IF(OR(AND($Q69<>"",$Q69<$C$8),AND($Q69<>"",$R69<>"",$R69<$Q69),AND($R69<>"",$Q69="")),1,0) -> 0 | W69: =IF($B69="","",IF($S69=1,IF($R69<>"",$R69,$D69),IF($Q69<>"",MAX($M$5,$Q69)+$E69*(1-$S69)/24,MAX($M$5,$C69)+$E69/24))) -> 46311.792 | X69: =IF($B69="","",ROUND(($W69-$D69)*24,1)) -> 1 | Y69: =IF($B69="","",IF($Q69<>"",$X69,IF($X69>0,MAX($X69,IF($Y68="",0,IF($Y68>0,$Y68-MAX(0,($C69-$D68)*24),$Y68))),IF($Y68="",0,IF($Y68>0,$Y68-MAX(0,($C69-$D68)*24),$Y68))))) -> 18 | AB69: =IF(AND($B69<>"",$F69>=13),1,0) -> 0
A70: =IF(OR($B70="",14>$O$10),"",14) -> 14 | B70: Track installation (Line 1) | C70: =IF(OR($B70="",14>$O$10),"",IF($F70=0,$C$8,IF($G70="SS",OFFSET($C$56,$F70,0)+$H70/24,IF($G70="FF",OFFSET($D$56,$F70,0)+$H70/24-$E70/24,IF($G70="SF",OFFSET($C$56,$F70,0)+$H70/24-$E70/24,OFFSET($D$56,$F70,0)+$H70/24))))) -> 46311.75 | D70: =IF(OR($B70="",14>$O$10),"",$C70+$E70/24) -> 46311.792 | E70: 1 | F70: 13 | G70: FS | H70: 0 | M70: =IF(OR($Q70="",$R70="",$V70=1),"",($R70-$Q70)*24) | O70: =IF(OR($B70="",14>$O$10),"",IF($AB70=1,"! CHECK LINK",IF($V70=1,"! CHECK DATES",IF($S70=1,IF($R70="","Completed",IF($R70<$D70,"Completed - Ahead",IF($R70<=$D70+1/1440,"Completed - On Time","Completed - Delayed"))),IF($Q70<>"",IF($Y70<=0.1,"In Progress - On Track","In Progress - BEHIND"),IF($M$5<$C70,"Not Started","NOT STARTED - LATE")))))) -> NOT STARTED - LATE | Q70: =IF($I70="","",$I70+IF($J70="",0,$J70)) | R70: =IF($K70="","",$K70+IF($L70="",0,$L70)) | S70: =IF($V70=1,0,IF($R70<>"",1,IF($N70="",0,$N70))) -> 0 | T70: =IF(OR($B70="",$E70=0),0,MEDIAN(0,($M$5-$C70)/($E70/24),1)) -> 0 | U70: =($S70-$T70)*$E70 -> 0 | V70: =IF(OR(AND($Q70<>"",$Q70<$C$8),AND($Q70<>"",$R70<>"",$R70<$Q70),AND($R70<>"",$Q70="")),1,0) -> 0 | W70: =IF($B70="","",IF($S70=1,IF($R70<>"",$R70,$D70),IF($Q70<>"",MAX($M$5,$Q70)+$E70*(1-$S70)/24,MAX($M$5,$C70)+$E70/24))) -> 46311.792 | X70: =IF($B70="","",ROUND(($W70-$D70)*24,1)) -> 0 | Y70: =IF($B70="","",IF($Q70<>"",$X70,IF($X70>0,MAX($X70,IF($Y69="",0,IF($Y69>0,$Y69-MAX(0,($C70-$D69)*24),$Y69))),IF($Y69="",0,IF($Y69>0,$Y69-MAX(0,($C70-$D69)*24),$Y69))))) -> 18 | AB70: =IF(AND($B70<>"",$F70>=14),1,0) -> 0
A71: =IF(OR($B71="",15>$O$10),"",15) -> 15 | B71: Track installation (Line 3) | C71: =IF(OR($B71="",15>$O$10),"",IF($F71=0,$C$8,IF($G71="SS",OFFSET($C$56,$F71,0)+$H71/24,IF($G71="FF",OFFSET($D$56,$F71,0)+$H71/24-$E71/24,IF($G71="SF",OFFSET($C$56,$F71,0)+$H71/24-$E71/24,OFFSET($D$56,$F71,0)+$H71/24))))) -> 46311.792 | D71: =IF(OR($B71="",15>$O$10),"",$C71+$E71/24) -> 46311.833 | E71: 1 | F71: 14 | G71: FS | H71: 0 | M71: =IF(OR($Q71="",$R71="",$V71=1),"",($R71-$Q71)*24) | O71: =IF(OR($B71="",15>$O$10),"",IF($AB71=1,"! CHECK LINK",IF($V71=1,"! CHECK DATES",IF($S71=1,IF($R71="","Completed",IF($R71<$D71,"Completed - Ahead",IF($R71<=$D71+1/1440,"Completed - On Time","Completed - Delayed"))),IF($Q71<>"",IF($Y71<=0.1,"In Progress - On Track","In Progress - BEHIND"),IF($M$5<$C71,"Not Started","NOT STARTED - LATE")))))) -> Not Started | Q71: =IF($I71="","",$I71+IF($J71="",0,$J71)) | R71: =IF($K71="","",$K71+IF($L71="",0,$L71)) | S71: =IF($V71=1,0,IF($R71<>"",1,IF($N71="",0,$N71))) -> 0 | T71: =IF(OR($B71="",$E71=0),0,MEDIAN(0,($M$5-$C71)/($E71/24),1)) -> 0 | U71: =($S71-$T71)*$E71 -> 0 | V71: =IF(OR(AND($Q71<>"",$Q71<$C$8),AND($Q71<>"",$R71<>"",$R71<$Q71),AND($R71<>"",$Q71="")),1,0) -> 0 | W71: =IF($B71="","",IF($S71=1,IF($R71<>"",$R71,$D71),IF($Q71<>"",MAX($M$5,$Q71)+$E71*(1-$S71)/24,MAX($M$5,$C71)+$E71/24))) -> 46311.833 | X71: =IF($B71="","",ROUND(($W71-$D71)*24,1)) -> 0 | Y71: =IF($B71="","",IF($Q71<>"",$X71,IF($X71>0,MAX($X71,IF($Y70="",0,IF($Y70>0,$Y70-MAX(0,($C71-$D70)*24),$Y70))),IF($Y70="",0,IF($Y70>0,$Y70-MAX(0,($C71-$D70)*24),$Y70))))) -> 18 | AB71: =IF(AND($B71<>"",$F71>=15),1,0) -> 0
A72: =IF(OR($B72="",16>$O$10),"",16) -> 16 | B72: 1st & 2nd Ballasting / Tamping (Line 1) | C72: =IF(OR($B72="",16>$O$10),"",IF($F72=0,$C$8,IF($G72="SS",OFFSET($C$56,$F72,0)+$H72/24,IF($G72="FF",OFFSET($D$56,$F72,0)+$H72/24-$E72/24,IF($G72="SF",OFFSET($C$56,$F72,0)+$H72/24-$E72/24,OFFSET($D$56,$F72,0)+$H72/24))))) -> 46311.833 | D72: =IF(OR($B72="",16>$O$10),"",$C72+$E72/24) -> 46311.875 | E72: 1 | F72: 15 | G72: FS | H72: 0 | M72: =IF(OR($Q72="",$R72="",$V72=1),"",($R72-$Q72)*24) | O72: =IF(OR($B72="",16>$O$10),"",IF($AB72=1,"! CHECK LINK",IF($V72=1,"! CHECK DATES",IF($S72=1,IF($R72="","Completed",IF($R72<$D72,"Completed - Ahead",IF($R72<=$D72+1/1440,"Completed - On Time","Completed - Delayed"))),IF($Q72<>"",IF($Y72<=0.1,"In Progress - On Track","In Progress - BEHIND"),IF($M$5<$C72,"Not Started","NOT STARTED - LATE")))))) -> Not Started | Q72: =IF($I72="","",$I72+IF($J72="",0,$J72)) | R72: =IF($K72="","",$K72+IF($L72="",0,$L72)) | S72: =IF($V72=1,0,IF($R72<>"",1,IF($N72="",0,$N72))) -> 0 | T72: =IF(OR($B72="",$E72=0),0,MEDIAN(0,($M$5-$C72)/($E72/24),1)) -> 0 | U72: =($S72-$T72)*$E72 -> 0 | V72: =IF(OR(AND($Q72<>"",$Q72<$C$8),AND($Q72<>"",$R72<>"",$R72<$Q72),AND($R72<>"",$Q72="")),1,0) -> 0 | W72: =IF($B72="","",IF($S72=1,IF($R72<>"",$R72,$D72),IF($Q72<>"",MAX($M$5,$Q72)+$E72*(1-$S72)/24,MAX($M$5,$C72)+$E72/24))) -> 46311.875 | X72: =IF($B72="","",ROUND(($W72-$D72)*24,1)) -> 0 | Y72: =IF($B72="","",IF($Q72<>"",$X72,IF($X72>0,MAX($X72,IF($Y71="",0,IF($Y71>0,$Y71-MAX(0,($C72-$D71)*24),$Y71))),IF($Y71="",0,IF($Y71>0,$Y71-MAX(0,($C72-$D71)*24),$Y71))))) -> 18 | AB72: =IF(AND($B72<>"",$F72>=16),1,0) -> 0
A73: =IF(OR($B73="",17>$O$10),"",17) -> 17 | B73: Final Ballasting / Tamping (Line 1) | C73: =IF(OR($B73="",17>$O$10),"",IF($F73=0,$C$8,IF($G73="SS",OFFSET($C$56,$F73,0)+$H73/24,IF($G73="FF",OFFSET($D$56,$F73,0)+$H73/24-$E73/24,IF($G73="SF",OFFSET($C$56,$F73,0)+$H73/24-$E73/24,OFFSET($D$56,$F73,0)+$H73/24))))) -> 46311.875 | D73: =IF(OR($B73="",17>$O$10),"",$C73+$E73/24) -> 46311.917 | E73: 1 | F73: 16 | G73: FS | H73: 0 | M73: =IF(OR($Q73="",$R73="",$V73=1),"",($R73-$Q73)*24) | O73: =IF(OR($B73="",17>$O$10),"",IF($AB73=1,"! CHECK LINK",IF($V73=1,"! CHECK DATES",IF($S73=1,IF($R73="","Completed",IF($R73<$D73,"Completed - Ahead",IF($R73<=$D73+1/1440,"Completed - On Time","Completed - Delayed"))),IF($Q73<>"",IF($Y73<=0.1,"In Progress - On Track","In Progress - BEHIND"),IF($M$5<$C73,"Not Started","NOT STARTED - LATE")))))) -> Not Started | Q73: =IF($I73="","",$I73+IF($J73="",0,$J73)) | R73: =IF($K73="","",$K73+IF($L73="",0,$L73)) | S73: =IF($V73=1,0,IF($R73<>"",1,IF($N73="",0,$N73))) -> 0 | T73: =IF(OR($B73="",$E73=0),0,MEDIAN(0,($M$5-$C73)/($E73/24),1)) -> 0 | U73: =($S73-$T73)*$E73 -> 0 | V73: =IF(OR(AND($Q73<>"",$Q73<$C$8),AND($Q73<>"",$R73<>"",$R73<$Q73),AND($R73<>"",$Q73="")),1,0) -> 0 | W73: =IF($B73="","",IF($S73=1,IF($R73<>"",$R73,$D73),IF($Q73<>"",MAX($M$5,$Q73)+$E73*(1-$S73)/24,MAX($M$5,$C73)+$E73/24))) -> 46311.917 | X73: =IF($B73="","",ROUND(($W73-$D73)*24,1)) -> 0 | Y73: =IF($B73="","",IF($Q73<>"",$X73,IF($X73>0,MAX($X73,IF($Y72="",0,IF($Y72>0,$Y72-MAX(0,($C73-$D72)*24),$Y72))),IF($Y72="",0,IF($Y72>0,$Y72-MAX(0,($C73-$D72)*24),$Y72))))) -> 18 | AB73: =IF(AND($B73<>"",$F73>=17),1,0) -> 0
A74: =IF(OR($B74="",18>$O$10),"",18) -> 18 | B74: OTMP moves from line 1 to Line 3 TK 121+000 | C74: =IF(OR($B74="",18>$O$10),"",IF($F74=0,$C$8,IF($G74="SS",OFFSET($C$56,$F74,0)+$H74/24,IF($G74="FF",OFFSET($D$56,$F74,0)+$H74/24-$E74/24,IF($G74="SF",OFFSET($C$56,$F74,0)+$H74/24-$E74/24,OFFSET($D$56,$F74,0)+$H74/24))))) -> 46311.917 | D74: =IF(OR($B74="",18>$O$10),"",$C74+$E74/24) -> 46311.958 | E74: 1 | F74: 17 | G74: FS | H74: 0 | M74: =IF(OR($Q74="",$R74="",$V74=1),"",($R74-$Q74)*24) | O74: =IF(OR($B74="",18>$O$10),"",IF($AB74=1,"! CHECK LINK",IF($V74=1,"! CHECK DATES",IF($S74=1,IF($R74="","Completed",IF($R74<$D74,"Completed - Ahead",IF($R74<=$D74+1/1440,"Completed - On Time","Completed - Delayed"))),IF($Q74<>"",IF($Y74<=0.1,"In Progress - On Track","In Progress - BEHIND"),IF($M$5<$C74,"Not Started","NOT STARTED - LATE")))))) -> Not Started | Q74: =IF($I74="","",$I74+IF($J74="",0,$J74)) | R74: =IF($K74="","",$K74+IF($L74="",0,$L74)) | S74: =IF($V74=1,0,IF($R74<>"",1,IF($N74="",0,$N74))) -> 0 | T74: =IF(OR($B74="",$E74=0),0,MEDIAN(0,($M$5-$C74)/($E74/24),1)) -> 0 | U74: =($S74-$T74)*$E74 -> 0 | V74: =IF(OR(AND($Q74<>"",$Q74<$C$8),AND($Q74<>"",$R74<>"",$R74<$Q74),AND($R74<>"",$Q74="")),1,0) -> 0 | W74: =IF($B74="","",IF($S74=1,IF($R74<>"",$R74,$D74),IF($Q74<>"",MAX($M$5,$Q74)+$E74*(1-$S74)/24,MAX($M$5,$C74)+$E74/24))) -> 46311.958 | X74: =IF($B74="","",ROUND(($W74-$D74)*24,1)) -> 0 | Y74: =IF($B74="","",IF($Q74<>"",$X74,IF($X74>0,MAX($X74,IF($Y73="",0,IF($Y73>0,$Y73-MAX(0,($C74-$D73)*24),$Y73))),IF($Y73="",0,IF($Y73>0,$Y73-MAX(0,($C74-$D73)*24),$Y73))))) -> 18 | AB74: =IF(AND($B74<>"",$F74>=18),1,0) -> 0
A75: =IF(OR($B75="",19>$O$10),"",19) -> 19 | B75: ATW – 2U (out of destressing) (Line 1) | C75: =IF(OR($B75="",19>$O$10),"",IF($F75=0,$C$8,IF($G75="SS",OFFSET($C$56,$F75,0)+$H75/24,IF($G75="FF",OFFSET($D$56,$F75,0)+$H75/24-$E75/24,IF($G75="SF",OFFSET($C$56,$F75,0)+$H75/24-$E75/24,OFFSET($D$56,$F75,0)+$H75/24))))) -> 46311.958 | D75: =IF(OR($B75="",19>$O$10),"",$C75+$E75/24) -> 46312.042 | E75: 2 | F75: 18 | G75: FS | H75: 0 | M75: =IF(OR($Q75="",$R75="",$V75=1),"",($R75-$Q75)*24) | O75: =IF(OR($B75="",19>$O$10),"",IF($AB75=1,"! CHECK LINK",IF($V75=1,"! CHECK DATES",IF($S75=1,IF($R75="","Completed",IF($R75<$D75,"Completed - Ahead",IF($R75<=$D75+1/1440,"Completed - On Time","Completed - Delayed"))),IF($Q75<>"",IF($Y75<=0.1,"In Progress - On Track","In Progress - BEHIND"),IF($M$5<$C75,"Not Started","NOT STARTED - LATE")))))) -> Not Started | Q75: =IF($I75="","",$I75+IF($J75="",0,$J75)) | R75: =IF($K75="","",$K75+IF($L75="",0,$L75)) | S75: =IF($V75=1,0,IF($R75<>"",1,IF($N75="",0,$N75))) -> 0 | T75: =IF(OR($B75="",$E75=0),0,MEDIAN(0,($M$5-$C75)/($E75/24),1)) -> 0 | U75: =($S75-$T75)*$E75 -> 0 | V75: =IF(OR(AND($Q75<>"",$Q75<$C$8),AND($Q75<>"",$R75<>"",$R75<$Q75),AND($R75<>"",$Q75="")),1,0) -> 0 | W75: =IF($B75="","",IF($S75=1,IF($R75<>"",$R75,$D75),IF($Q75<>"",MAX($M$5,$Q75)+$E75*(1-$S75)/24,MAX($M$5,$C75)+$E75/24))) -> 46312.042 | X75: =IF($B75="","",ROUND(($W75-$D75)*24,1)) -> 0 | Y75: =IF($B75="","",IF($Q75<>"",$X75,IF($X75>0,MAX($X75,IF($Y74="",0,IF($Y74>0,$Y74-MAX(0,($C75-$D74)*24),$Y74))),IF($Y74="",0,IF($Y74>0,$Y74-MAX(0,($C75-$D74)*24),$Y74))))) -> 18 | AB75: =IF(AND($B75<>"",$F75>=19),1,0) -> 0
A76: =IF(OR($B76="",20>$O$10),"",20) -> 20 | B76: ATW – 2U (out of destressing) (Line 3) | C76: =IF(OR($B76="",20>$O$10),"",IF($F76=0,$C$8,IF($G76="SS",OFFSET($C$56,$F76,0)+$H76/24,IF($G76="FF",OFFSET($D$56,$F76,0)+$H76/24-$E76/24,IF($G76="SF",OFFSET($C$56,$F76,0)+$H76/24-$E76/24,OFFSET($D$56,$F76,0)+$H76/24))))) -> 46312.042 | D76: =IF(OR($B76="",20>$O$10),"",$C76+$E76/24) -> 46312.125 | E76: 2 | F76: 19 | G76: FS | H76: 0 | M76: =IF(OR($Q76="",$R76="",$V76=1),"",($R76-$Q76)*24) | O76: =IF(OR($B76="",20>$O$10),"",IF($AB76=1,"! CHECK LINK",IF($V76=1,"! CHECK DATES",IF($S76=1,IF($R76="","Completed",IF($R76<$D76,"Completed - Ahead",IF($R76<=$D76+1/1440,"Completed - On Time","Completed - Delayed"))),IF($Q76<>"",IF($Y76<=0.1,"In Progress - On Track","In Progress - BEHIND"),IF($M$5<$C76,"Not Started","NOT STARTED - LATE")))))) -> Not Started | Q76: =IF($I76="","",$I76+IF($J76="",0,$J76)) | R76: =IF($K76="","",$K76+IF($L76="",0,$L76)) | S76: =IF($V76=1,0,IF($R76<>"",1,IF($N76="",0,$N76))) -> 0 | T76: =IF(OR($B76="",$E76=0),0,MEDIAN(0,($M$5-$C76)/($E76/24),1)) -> 0 | U76: =($S76-$T76)*$E76 -> 0 | V76: =IF(OR(AND($Q76<>"",$Q76<$C$8),AND($Q76<>"",$R76<>"",$R76<$Q76),AND($R76<>"",$Q76="")),1,0) -> 0 | W76: =IF($B76="","",IF($S76=1,IF($R76<>"",$R76,$D76),IF($Q76<>"",MAX($M$5,$Q76)+$E76*(1-$S76)/24,MAX($M$5,$C76)+$E76/24))) -> 46312.125 | X76: =IF($B76="","",ROUND(($W76-$D76)*24,1)) -> 0 | Y76: =IF($B76="","",IF($Q76<>"",$X76,IF($X76>0,MAX($X76,IF($Y75="",0,IF($Y75>0,$Y75-MAX(0,($C76-$D75)*24),$Y75))),IF($Y75="",0,IF($Y75>0,$Y75-MAX(0,($C76-$D75)*24),$Y75))))) -> 18 | AB76: =IF(AND($B76<>"",$F76>=20),1,0) -> 0
A77: =IF(OR($B77="",21>$O$10),"",21) -> 21 | B77: 1st & 2nd Ballasting / Tamping (Line 1) | C77: =IF(OR($B77="",21>$O$10),"",IF($F77=0,$C$8,IF($G77="SS",OFFSET($C$56,$F77,0)+$H77/24,IF($G77="FF",OFFSET($D$56,$F77,0)+$H77/24-$E77/24,IF($G77="SF",OFFSET($C$56,$F77,0)+$H77/24-$E77/24,OFFSET($D$56,$F77,0)+$H77/24))))) -> 46312.125 | D77: =IF(OR($B77="",21>$O$10),"",$C77+$E77/24) -> 46312.167 | E77: 1 | F77: 20 | G77: FS | H77: 0 | M77: =IF(OR($Q77="",$R77="",$V77=1),"",($R77-$Q77)*24) | O77: =IF(OR($B77="",21>$O$10),"",IF($AB77=1,"! CHECK LINK",IF($V77=1,"! CHECK DATES",IF($S77=1,IF($R77="","Completed",IF($R77<$D77,"Completed - Ahead",IF($R77<=$D77+1/1440,"Completed - On Time","Completed - Delayed"))),IF($Q77<>"",IF($Y77<=0.1,"In Progress - On Track","In Progress - BEHIND"),IF($M$5<$C77,"Not Started","NOT STARTED - LATE")))))) -> Not Started | Q77: =IF($I77="","",$I77+IF($J77="",0,$J77)) | R77: =IF($K77="","",$K77+IF($L77="",0,$L77)) | S77: =IF($V77=1,0,IF($R77<>"",1,IF($N77="",0,$N77))) -> 0 | T77: =IF(OR($B77="",$E77=0),0,MEDIAN(0,($M$5-$C77)/($E77/24),1)) -> 0 | U77: =($S77-$T77)*$E77 -> 0 | V77: =IF(OR(AND($Q77<>"",$Q77<$C$8),AND($Q77<>"",$R77<>"",$R77<$Q77),AND($R77<>"",$Q77="")),1,0) -> 0 | W77: =IF($B77="","",IF($S77=1,IF($R77<>"",$R77,$D77),IF($Q77<>"",MAX($M$5,$Q77)+$E77*(1-$S77)/24,MAX($M$5,$C77)+$E77/24))) -> 46312.167 | X77: =IF($B77="","",ROUND(($W77-$D77)*24,1)) -> 0 | Y77: =IF($B77="","",IF($Q77<>"",$X77,IF($X77>0,MAX($X77,IF($Y76="",0,IF($Y76>0,$Y76-MAX(0,($C77-$D76)*24),$Y76))),IF($Y76="",0,IF($Y76>0,$Y76-MAX(0,($C77-$D76)*24),$Y76))))) -> 18 | AB77: =IF(AND($B77<>"",$F77>=21),1,0) -> 0
A78: =IF(OR($B78="",22>$O$10),"",22) -> 22 | B78: Final Ballasting / Tamping (Line 3) | C78: =IF(OR($B78="",22>$O$10),"",IF($F78=0,$C$8,IF($G78="SS",OFFSET($C$56,$F78,0)+$H78/24,IF($G78="FF",OFFSET($D$56,$F78,0)+$H78/24-$E78/24,IF($G78="SF",OFFSET($C$56,$F78,0)+$H78/24-$E78/24,OFFSET($D$56,$F78,0)+$H78/24))))) -> 46312.167 | D78: =IF(OR($B78="",22>$O$10),"",$C78+$E78/24) -> 46312.208 | E78: 1 | F78: 21 | G78: FS | H78: 0 | M78: =IF(OR($Q78="",$R78="",$V78=1),"",($R78-$Q78)*24) | O78: =IF(OR($B78="",22>$O$10),"",IF($AB78=1,"! CHECK LINK",IF($V78=1,"! CHECK DATES",IF($S78=1,IF($R78="","Completed",IF($R78<$D78,"Completed - Ahead",IF($R78<=$D78+1/1440,"Completed - On Time","Completed - Delayed"))),IF($Q78<>"",IF($Y78<=0.1,"In Progress - On Track","In Progress - BEHIND"),IF($M$5<$C78,"Not Started","NOT STARTED - LATE")))))) -> Not Started | Q78: =IF($I78="","",$I78+IF($J78="",0,$J78)) | R78: =IF($K78="","",$K78+IF($L78="",0,$L78)) | S78: =IF($V78=1,0,IF($R78<>"",1,IF($N78="",0,$N78))) -> 0 | T78: =IF(OR($B78="",$E78=0),0,MEDIAN(0,($M$5-$C78)/($E78/24),1)) -> 0 | U78: =($S78-$T78)*$E78 -> 0 | V78: =IF(OR(AND($Q78<>"",$Q78<$C$8),AND($Q78<>"",$R78<>"",$R78<$Q78),AND($R78<>"",$Q78="")),1,0) -> 0 | W78: =IF($B78="","",IF($S78=1,IF($R78<>"",$R78,$D78),IF($Q78<>"",MAX($M$5,$Q78)+$E78*(1-$S78)/24,MAX($M$5,$C78)+$E78/24))) -> 46312.208 | X78: =IF($B78="","",ROUND(($W78-$D78)*24,1)) -> 0 | Y78: =IF($B78="","",IF($Q78<>"",$X78,IF($X78>0,MAX($X78,IF($Y77="",0,IF($Y77>0,$Y77-MAX(0,($C78-$D77)*24),$Y77))),IF($Y77="",0,IF($Y77>0,$Y77-MAX(0,($C78-$D77)*24),$Y77))))) -> 18 | AB78: =IF(AND($B78<>"",$F78>=22),1,0) -> 0
A79: =IF(OR($B79="",23>$O$10),"",23) -> 23 | B79: OTMP back towards station 29 | C79: =IF(OR($B79="",23>$O$10),"",IF($F79=0,$C$8,IF($G79="SS",OFFSET($C$56,$F79,0)+$H79/24,IF($G79="FF",OFFSET($D$56,$F79,0)+$H79/24-$E79/24,IF($G79="SF",OFFSET($C$56,$F79,0)+$H79/24-$E79/24,OFFSET($D$56,$F79,0)+$H79/24))))) -> 46312.208 | D79: =IF(OR($B79="",23>$O$10),"",$C79+$E79/24) -> 46312.292 | E79: 2 | F79: 22 | G79: FS | H79: 0 | M79: =IF(OR($Q79="",$R79="",$V79=1),"",($R79-$Q79)*24) | O79: =IF(OR($B79="",23>$O$10),"",IF($AB79=1,"! CHECK LINK",IF($V79=1,"! CHECK DATES",IF($S79=1,IF($R79="","Completed",IF($R79<$D79,"Completed - Ahead",IF($R79<=$D79+1/1440,"Completed - On Time","Completed - Delayed"))),IF($Q79<>"",IF($Y79<=0.1,"In Progress - On Track","In Progress - BEHIND"),IF($M$5<$C79,"Not Started","NOT STARTED - LATE")))))) -> Not Started | Q79: =IF($I79="","",$I79+IF($J79="",0,$J79)) | R79: =IF($K79="","",$K79+IF($L79="",0,$L79)) | S79: =IF($V79=1,0,IF($R79<>"",1,IF($N79="",0,$N79))) -> 0 | T79: =IF(OR($B79="",$E79=0),0,MEDIAN(0,($M$5-$C79)/($E79/24),1)) -> 0 | U79: =($S79-$T79)*$E79 -> 0 | V79: =IF(OR(AND($Q79<>"",$Q79<$C$8),AND($Q79<>"",$R79<>"",$R79<$Q79),AND($R79<>"",$Q79="")),1,0) -> 0 | W79: =IF($B79="","",IF($S79=1,IF($R79<>"",$R79,$D79),IF($Q79<>"",MAX($M$5,$Q79)+$E79*(1-$S79)/24,MAX($M$5,$C79)+$E79/24))) -> 46312.292 | X79: =IF($B79="","",ROUND(($W79-$D79)*24,1)) -> 0 | Y79: =IF($B79="","",IF($Q79<>"",$X79,IF($X79>0,MAX($X79,IF($Y78="",0,IF($Y78>0,$Y78-MAX(0,($C79-$D78)*24),$Y78))),IF($Y78="",0,IF($Y78>0,$Y78-MAX(0,($C79-$D78)*24),$Y78))))) -> 18 | AB79: =IF(AND($B79<>"",$F79>=23),1,0) -> 0
A80: =IF(OR($B80="",24>$O$10),"",24) -> 24 | B80: Destressing (incl. 2 ATW) (Line 1) | C80: =IF(OR($B80="",24>$O$10),"",IF($F80=0,$C$8,IF($G80="SS",OFFSET($C$56,$F80,0)+$H80/24,IF($G80="FF",OFFSET($D$56,$F80,0)+$H80/24-$E80/24,IF($G80="SF",OFFSET($C$56,$F80,0)+$H80/24-$E80/24,OFFSET($D$56,$F80,0)+$H80/24))))) -> 46312.292 | D80: =IF(OR($B80="",24>$O$10),"",$C80+$E80/24) -> 46312.458 | E80: 4 | F80: 23 | G80: FS | H80: 0 | M80: =IF(OR($Q80="",$R80="",$V80=1),"",($R80-$Q80)*24) | O80: =IF(OR($B80="",24>$O$10),"",IF($AB80=1,"! CHECK LINK",IF($V80=1,"! CHECK DATES",IF($S80=1,IF($R80="","Completed",IF($R80<$D80,"Completed - Ahead",IF($R80<=$D80+1/1440,"Completed - On Time","Completed - Delayed"))),IF($Q80<>"",IF($Y80<=0.1,"In Progress - On Track","In Progress - BEHIND"),IF($M$5<$C80,"Not Started","NOT STARTED - LATE")))))) -> Not Started | Q80: =IF($I80="","",$I80+IF($J80="",0,$J80)) | R80: =IF($K80="","",$K80+IF($L80="",0,$L80)) | S80: =IF($V80=1,0,IF($R80<>"",1,IF($N80="",0,$N80))) -> 0 | T80: =IF(OR($B80="",$E80=0),0,MEDIAN(0,($M$5-$C80)/($E80/24),1)) -> 0 | U80: =($S80-$T80)*$E80 -> 0 | V80: =IF(OR(AND($Q80<>"",$Q80<$C$8),AND($Q80<>"",$R80<>"",$R80<$Q80),AND($R80<>"",$Q80="")),1,0) -> 0 | W80: =IF($B80="","",IF($S80=1,IF($R80<>"",$R80,$D80),IF($Q80<>"",MAX($M$5,$Q80)+$E80*(1-$S80)/24,MAX($M$5,$C80)+$E80/24))) -> 46312.458 | X80: =IF($B80="","",ROUND(($W80-$D80)*24,1)) -> 0 | Y80: =IF($B80="","",IF($Q80<>"",$X80,IF($X80>0,MAX($X80,IF($Y79="",0,IF($Y79>0,$Y79-MAX(0,($C80-$D79)*24),$Y79))),IF($Y79="",0,IF($Y79>0,$Y79-MAX(0,($C80-$D79)*24),$Y79))))) -> 18 | AB80: =IF(AND($B80<>"",$F80>=24),1,0) -> 0
A81: =IF(OR($B81="",25>$O$10),"",25) -> 25 | B81: Destressing (incl. 2 ATW) (Line 3) | C81: =IF(OR($B81="",25>$O$10),"",IF($F81=0,$C$8,IF($G81="SS",OFFSET($C$56,$F81,0)+$H81/24,IF($G81="FF",OFFSET($D$56,$F81,0)+$H81/24-$E81/24,IF($G81="SF",OFFSET($C$56,$F81,0)+$H81/24-$E81/24,OFFSET($D$56,$F81,0)+$H81/24))))) -> 46312.458 | D81: =IF(OR($B81="",25>$O$10),"",$C81+$E81/24) -> 46312.625 | E81: 4 | F81: 24 | G81: FS | H81: 0 | M81: =IF(OR($Q81="",$R81="",$V81=1),"",($R81-$Q81)*24) | O81: =IF(OR($B81="",25>$O$10),"",IF($AB81=1,"! CHECK LINK",IF($V81=1,"! CHECK DATES",IF($S81=1,IF($R81="","Completed",IF($R81<$D81,"Completed - Ahead",IF($R81<=$D81+1/1440,"Completed - On Time","Completed - Delayed"))),IF($Q81<>"",IF($Y81<=0.1,"In Progress - On Track","In Progress - BEHIND"),IF($M$5<$C81,"Not Started","NOT STARTED - LATE")))))) -> Not Started | Q81: =IF($I81="","",$I81+IF($J81="",0,$J81)) | R81: =IF($K81="","",$K81+IF($L81="",0,$L81)) | S81: =IF($V81=1,0,IF($R81<>"",1,IF($N81="",0,$N81))) -> 0 | T81: =IF(OR($B81="",$E81=0),0,MEDIAN(0,($M$5-$C81)/($E81/24),1)) -> 0 | U81: =($S81-$T81)*$E81 -> 0 | V81: =IF(OR(AND($Q81<>"",$Q81<$C$8),AND($Q81<>"",$R81<>"",$R81<$Q81),AND($R81<>"",$Q81="")),1,0) -> 0 | W81: =IF($B81="","",IF($S81=1,IF($R81<>"",$R81,$D81),IF($Q81<>"",MAX($M$5,$Q81)+$E81*(1-$S81)/24,MAX($M$5,$C81)+$E81/24))) -> 46312.625 | X81: =IF($B81="","",ROUND(($W81-$D81)*24,1)) -> 0 | Y81: =IF($B81="","",IF($Q81<>"",$X81,IF($X81>0,MAX($X81,IF($Y80="",0,IF($Y80>0,$Y80-MAX(0,($C81-$D80)*24),$Y80))),IF($Y80="",0,IF($Y80>0,$Y80-MAX(0,($C81-$D80)*24),$Y80))))) -> 18 | AB81: =IF(AND($B81<>"",$F81>=25),1,0) -> 0
A82: =IF(OR($B82="",26>$O$10),"",26) -> 26 | B82: Finishing (grinding, stamp, UT, inspection) | C82: =IF(OR($B82="",26>$O$10),"",IF($F82=0,$C$8,IF($G82="SS",OFFSET($C$56,$F82,0)+$H82/24,IF($G82="FF",OFFSET($D$56,$F82,0)+$H82/24-$E82/24,IF($G82="SF",OFFSET($C$56,$F82,0)+$H82/24-$E82/24,OFFSET($D$56,$F82,0)+$H82/24))))) -> 46312.625 | D82: =IF(OR($B82="",26>$O$10),"",$C82+$E82/24) -> 46312.917 | E82: 7 | F82: 25 | G82: FS | H82: 0 | M82: =IF(OR($Q82="",$R82="",$V82=1),"",($R82-$Q82)*24) | O82: =IF(OR($B82="",26>$O$10),"",IF($AB82=1,"! CHECK LINK",IF($V82=1,"! CHECK DATES",IF($S82=1,IF($R82="","Completed",IF($R82<$D82,"Completed - Ahead",IF($R82<=$D82+1/1440,"Completed - On Time","Completed - Delayed"))),IF($Q82<>"",IF($Y82<=0.1,"In Progress - On Track","In Progress - BEHIND"),IF($M$5<$C82,"Not Started","NOT STARTED - LATE")))))) -> Not Started | Q82: =IF($I82="","",$I82+IF($J82="",0,$J82)) | R82: =IF($K82="","",$K82+IF($L82="",0,$L82)) | S82: =IF($V82=1,0,IF($R82<>"",1,IF($N82="",0,$N82))) -> 0 | T82: =IF(OR($B82="",$E82=0),0,MEDIAN(0,($M$5-$C82)/($E82/24),1)) -> 0 | U82: =($S82-$T82)*$E82 -> 0 | V82: =IF(OR(AND($Q82<>"",$Q82<$C$8),AND($Q82<>"",$R82<>"",$R82<$Q82),AND($R82<>"",$Q82="")),1,0) -> 0 | W82: =IF($B82="","",IF($S82=1,IF($R82<>"",$R82,$D82),IF($Q82<>"",MAX($M$5,$Q82)+$E82*(1-$S82)/24,MAX($M$5,$C82)+$E82/24))) -> 46312.917 | X82: =IF($B82="","",ROUND(($W82-$D82)*24,1)) -> 0 | Y82: =IF($B82="","",IF($Q82<>"",$X82,IF($X82>0,MAX($X82,IF($Y81="",0,IF($Y81>0,$Y81-MAX(0,($C82-$D81)*24),$Y81))),IF($Y81="",0,IF($Y81>0,$Y81-MAX(0,($C82-$D81)*24),$Y81))))) -> 18 | AB82: =IF(AND($B82<>"",$F82>=26),1,0) -> 0
A83: TOT | B83: =IF($B$16="","",$B$16&" - sum of activity hours") -> C265 – KM 210+525 - sum of activity hours | D83: =IF(COUNT($D57:$D82)=0,"",MAX($D57:$D82)) -> 46312.917 | E83: =SUM($E57:$E82) -> 48 | M83: =SUM($M57:$M82) -> 0 | N83: =$S83 -> 0 | O83: =IF($B$16="","",IF($X83<=0,"ON TRACK","BEHIND")) -> BEHIND | S83: =IF($E83=0,0,SUMPRODUCT($E57:$E82,$S57:$S82)/$E83) -> 0 | T83: =IF($E83=0,0,SUMPRODUCT($E57:$E82,$T57:$T82)/$E83) -> 0.41666667 | U83: =$S83-$T83 -> -0.41666667 | W83: =IF($D83="","",$D83+$X83/24) -> 46313.667 | X83: =IF(COUNT($Y57:$Y82)=0,0,LOOKUP(9.9E+307,$Y57:$Y82)) -> 18
A85: =IF($B$17="","LOCATION 3 - not used"," LOCATION 3 - "&$B$17) -> LOCATION 3 - C267 – KM 212+400
A86: No | B86: ACTIVITY (leave blank to switch the row off) | C86: Planned Start | D86: Planned Finish | E86: DUR (h) | F86: PRED No | G86: REL | H86: LAG (h) | I86: ACT START Date | J86: ACT START Time | K86: ACT FINISH Date | L86: ACT FINISH Time | M86: ACT Dur | N86: % COMP | O86: STATUS (auto) | P86: REMARKS
A87: =IF(OR($B87="",1>$O$10),"",1) -> 1 | B87: OTMP moves from station 29 to main Line 1 | C87: =IF(OR($B87="",1>$O$10),"",IF($F87=0,$C$8,IF($G87="SS",OFFSET($C$86,$F87,0)+$H87/24,IF($G87="FF",OFFSET($D$86,$F87,0)+$H87/24-$E87/24,IF($G87="SF",OFFSET($C$86,$F87,0)+$H87/24-$E87/24,OFFSET($D$86,$F87,0)+$H87/24))))) -> 46311 | D87: =IF(OR($B87="",1>$O$10),"",$C87+$E87/24) -> 46311.042 | E87: 1 | F87: 0 | G87: FS | H87: 0 | M87: =IF(OR($Q87="",$R87="",$V87=1),"",($R87-$Q87)*24) | O87: =IF(OR($B87="",1>$O$10),"",IF($AB87=1,"! CHECK LINK",IF($V87=1,"! CHECK DATES",IF($S87=1,IF($R87="","Completed",IF($R87<$D87,"Completed - Ahead",IF($R87<=$D87+1/1440,"Completed - On Time","Completed - Delayed"))),IF($Q87<>"",IF($Y87<=0.1,"In Progress - On Track","In Progress - BEHIND"),IF($M$5<$C87,"Not Started","NOT STARTED - LATE")))))) -> NOT STARTED - LATE | Q87: =IF($I87="","",$I87+IF($J87="",0,$J87)) | R87: =IF($K87="","",$K87+IF($L87="",0,$L87)) | S87: =IF($V87=1,0,IF($R87<>"",1,IF($N87="",0,$N87))) -> 0 | T87: =IF(OR($B87="",$E87=0),0,MEDIAN(0,($M$5-$C87)/($E87/24),1)) -> 1 | U87: =($S87-$T87)*$E87 -> -1 | V87: =IF(OR(AND($Q87<>"",$Q87<$C$8),AND($Q87<>"",$R87<>"",$R87<$Q87),AND($R87<>"",$Q87="")),1,0) -> 0 | W87: =IF($B87="","",IF($S87=1,IF($R87<>"",$R87,$D87),IF($Q87<>"",MAX($M$5,$Q87)+$E87*(1-$S87)/24,MAX($M$5,$C87)+$E87/24))) -> 46311.792 | X87: =IF($B87="","",ROUND(($W87-$D87)*24,1)) -> 18 | Y87: =IF($B87="","",$X87) -> 18 | AB87: =IF(AND($B87<>"",$F87>=1),1,0) -> 0
A88: =IF(OR($B88="",2>$O$10),"",2) -> 2 | B88: Track removal & panel evacuation (Line 1) | C88: =IF(OR($B88="",2>$O$10),"",IF($F88=0,$C$8,IF($G88="SS",OFFSET($C$86,$F88,0)+$H88/24,IF($G88="FF",OFFSET($D$86,$F88,0)+$H88/24-$E88/24,IF($G88="SF",OFFSET($C$86,$F88,0)+$H88/24-$E88/24,OFFSET($D$86,$F88,0)+$H88/24))))) -> 46311.042 | D88: =IF(OR($B88="",2>$O$10),"",$C88+$E88/24) -> 46311.083 | E88: 1 | F88: 1 | G88: FS | H88: 0 | M88: =IF(OR($Q88="",$R88="",$V88=1),"",($R88-$Q88)*24) | O88: =IF(OR($B88="",2>$O$10),"",IF($AB88=1,"! CHECK LINK",IF($V88=1,"! CHECK DATES",IF($S88=1,IF($R88="","Completed",IF($R88<$D88,"Completed - Ahead",IF($R88<=$D88+1/1440,"Completed - On Time","Completed - Delayed"))),IF($Q88<>"",IF($Y88<=0.1,"In Progress - On Track","In Progress - BEHIND"),IF($M$5<$C88,"Not Started","NOT STARTED - LATE")))))) -> NOT STARTED - LATE | Q88: =IF($I88="","",$I88+IF($J88="",0,$J88)) | R88: =IF($K88="","",$K88+IF($L88="",0,$L88)) | S88: =IF($V88=1,0,IF($R88<>"",1,IF($N88="",0,$N88))) -> 0 | T88: =IF(OR($B88="",$E88=0),0,MEDIAN(0,($M$5-$C88)/($E88/24),1)) -> 1 | U88: =($S88-$T88)*$E88 -> -1 | V88: =IF(OR(AND($Q88<>"",$Q88<$C$8),AND($Q88<>"",$R88<>"",$R88<$Q88),AND($R88<>"",$Q88="")),1,0) -> 0 | W88: =IF($B88="","",IF($S88=1,IF($R88<>"",$R88,$D88),IF($Q88<>"",MAX($M$5,$Q88)+$E88*(1-$S88)/24,MAX($M$5,$C88)+$E88/24))) -> 46311.792 | X88: =IF($B88="","",ROUND(($W88-$D88)*24,1)) -> 17 | Y88: =IF($B88="","",IF($Q88<>"",$X88,IF($X88>0,MAX($X88,IF($Y87="",0,IF($Y87>0,$Y87-MAX(0,($C88-$D87)*24),$Y87))),IF($Y87="",0,IF($Y87>0,$Y87-MAX(0,($C88-$D87)*24),$Y87))))) -> 18 | AB88: =IF(AND($B88<>"",$F88>=2),1,0) -> 0
A89: =IF(OR($B89="",3>$O$10),"",3) -> 3 | B89: Track removal & panel evacuation (Line 3) | C89: =IF(OR($B89="",3>$O$10),"",IF($F89=0,$C$8,IF($G89="SS",OFFSET($C$86,$F89,0)+$H89/24,IF($G89="FF",OFFSET($D$86,$F89,0)+$H89/24-$E89/24,IF($G89="SF",OFFSET($C$86,$F89,0)+$H89/24-$E89/24,OFFSET($D$86,$F89,0)+$H89/24))))) -> 46311 | D89: =IF(OR($B89="",3>$O$10),"",$C89+$E89/24) -> 46311.042 | E89: 1 | F89: 1 | G89: SS | H89: 0 | M89: =IF(OR($Q89="",$R89="",$V89=1),"",($R89-$Q89)*24) | O89: =IF(OR($B89="",3>$O$10),"",IF($AB89=1,"! CHECK LINK",IF($V89=1,"! CHECK DATES",IF($S89=1,IF($R89="","Completed",IF($R89<$D89,"Completed - Ahead",IF($R89<=$D89+1/1440,"Completed - On Time","Completed - Delayed"))),IF($Q89<>"",IF($Y89<=0.1,"In Progress - On Track","In Progress - BEHIND"),IF($M$5<$C89,"Not Started","NOT STARTED - LATE")))))) -> NOT STARTED - LATE | Q89: =IF($I89="","",$I89+IF($J89="",0,$J89)) | R89: =IF($K89="","",$K89+IF($L89="",0,$L89)) | S89: =IF($V89=1,0,IF($R89<>"",1,IF($N89="",0,$N89))) -> 0 | T89: =IF(OR($B89="",$E89=0),0,MEDIAN(0,($M$5-$C89)/($E89/24),1)) -> 1 | U89: =($S89-$T89)*$E89 -> -1 | V89: =IF(OR(AND($Q89<>"",$Q89<$C$8),AND($Q89<>"",$R89<>"",$R89<$Q89),AND($R89<>"",$Q89="")),1,0) -> 0 | W89: =IF($B89="","",IF($S89=1,IF($R89<>"",$R89,$D89),IF($Q89<>"",MAX($M$5,$Q89)+$E89*(1-$S89)/24,MAX($M$5,$C89)+$E89/24))) -> 46311.792 | X89: =IF($B89="","",ROUND(($W89-$D89)*24,1)) -> 18 | Y89: =IF($B89="","",IF($Q89<>"",$X89,IF($X89>0,MAX($X89,IF($Y88="",0,IF($Y88>0,$Y88-MAX(0,($C89-$D88)*24),$Y88))),IF($Y88="",0,IF($Y88>0,$Y88-MAX(0,($C89-$D88)*24),$Y88))))) -> 18 | AB89: =IF(AND($B89<>"",$F89>=3),1,0) -> 0
A90: =IF(OR($B90="",4>$O$10),"",4) -> 4 | B90: Ballast removal | C90: =IF(OR($B90="",4>$O$10),"",IF($F90=0,$C$8,IF($G90="SS",OFFSET($C$86,$F90,0)+$H90/24,IF($G90="FF",OFFSET($D$86,$F90,0)+$H90/24-$E90/24,IF($G90="SF",OFFSET($C$86,$F90,0)+$H90/24-$E90/24,OFFSET($D$86,$F90,0)+$H90/24))))) -> 46311.042 | D90: =IF(OR($B90="",4>$O$10),"",$C90+$E90/24) -> 46311.083 | E90: 1 | F90: 3 | G90: FS | H90: 0 | M90: =IF(OR($Q90="",$R90="",$V90=1),"",($R90-$Q90)*24) | O90: =IF(OR($B90="",4>$O$10),"",IF($AB90=1,"! CHECK LINK",IF($V90=1,"! CHECK DATES",IF($S90=1,IF($R90="","Completed",IF($R90<$D90,"Completed - Ahead",IF($R90<=$D90+1/1440,"Completed - On Time","Completed - Delayed"))),IF($Q90<>"",IF($Y90<=0.1,"In Progress - On Track","In Progress - BEHIND"),IF($M$5<$C90,"Not Started","NOT STARTED - LATE")))))) -> NOT STARTED - LATE | Q90: =IF($I90="","",$I90+IF($J90="",0,$J90)) | R90: =IF($K90="","",$K90+IF($L90="",0,$L90)) | S90: =IF($V90=1,0,IF($R90<>"",1,IF($N90="",0,$N90))) -> 0 | T90: =IF(OR($B90="",$E90=0),0,MEDIAN(0,($M$5-$C90)/($E90/24),1)) -> 1 | U90: =($S90-$T90)*$E90 -> -1 | V90: =IF(OR(AND($Q90<>"",$Q90<$C$8),AND($Q90<>"",$R90<>"",$R90<$Q90),AND($R90<>"",$Q90="")),1,0) -> 0 | W90: =IF($B90="","",IF($S90=1,IF($R90<>"",$R90,$D90),IF($Q90<>"",MAX($M$5,$Q90)+$E90*(1-$S90)/24,MAX($M$5,$C90)+$E90/24))) -> 46311.792 | X90: =IF($B90="","",ROUND(($W90-$D90)*24,1)) -> 17 | Y90: =IF($B90="","",IF($Q90<>"",$X90,IF($X90>0,MAX($X90,IF($Y89="",0,IF($Y89>0,$Y89-MAX(0,($C90-$D89)*24),$Y89))),IF($Y89="",0,IF($Y89>0,$Y89-MAX(0,($C90-$D89)*24),$Y89))))) -> 18 | AB90: =IF(AND($B90<>"",$F90>=4),1,0) -> 0
A91: =IF(OR($B91="",5>$O$10),"",5) -> 5 | B91: Cutting & removal around existing culvert | C91: =IF(OR($B91="",5>$O$10),"",IF($F91=0,$C$8,IF($G91="SS",OFFSET($C$86,$F91,0)+$H91/24,IF($G91="FF",OFFSET($D$86,$F91,0)+$H91/24-$E91/24,IF($G91="SF",OFFSET($C$86,$F91,0)+$H91/24-$E91/24,OFFSET($D$86,$F91,0)+$H91/24))))) -> 46311.083 | D91: =IF(OR($B91="",5>$O$10),"",$C91+$E91/24) -> 46311.125 | E91: 1 | F91: 4 | G91: FS | H91: 0 | M91: =IF(OR($Q91="",$R91="",$V91=1),"",($R91-$Q91)*24) | O91: =IF(OR($B91="",5>$O$10),"",IF($AB91=1,"! CHECK LINK",IF($V91=1,"! CHECK DATES",IF($S91=1,IF($R91="","Completed",IF($R91<$D91,"Completed - Ahead",IF($R91<=$D91+1/1440,"Completed - On Time","Completed - Delayed"))),IF($Q91<>"",IF($Y91<=0.1,"In Progress - On Track","In Progress - BEHIND"),IF($M$5<$C91,"Not Started","NOT STARTED - LATE")))))) -> NOT STARTED - LATE | Q91: =IF($I91="","",$I91+IF($J91="",0,$J91)) | R91: =IF($K91="","",$K91+IF($L91="",0,$L91)) | S91: =IF($V91=1,0,IF($R91<>"",1,IF($N91="",0,$N91))) -> 0 | T91: =IF(OR($B91="",$E91=0),0,MEDIAN(0,($M$5-$C91)/($E91/24),1)) -> 1 | U91: =($S91-$T91)*$E91 -> -1 | V91: =IF(OR(AND($Q91<>"",$Q91<$C$8),AND($Q91<>"",$R91<>"",$R91<$Q91),AND($R91<>"",$Q91="")),1,0) -> 0 | W91: =IF($B91="","",IF($S91=1,IF($R91<>"",$R91,$D91),IF($Q91<>"",MAX($M$5,$Q91)+$E91*(1-$S91)/24,MAX($M$5,$C91)+$E91/24))) -> 46311.792 | X91: =IF($B91="","",ROUND(($W91-$D91)*24,1)) -> 16 | Y91: =IF($B91="","",IF($Q91<>"",$X91,IF($X91>0,MAX($X91,IF($Y90="",0,IF($Y90>0,$Y90-MAX(0,($C91-$D90)*24),$Y90))),IF($Y90="",0,IF($Y90>0,$Y90-MAX(0,($C91-$D90)*24),$Y90))))) -> 18 | AB91: =IF(AND($B91<>"",$F91>=5),1,0) -> 0
A92: =IF(OR($B92="",6>$O$10),"",6) -> 6 | B92: Demolition of existing culvert | C92: =IF(OR($B92="",6>$O$10),"",IF($F92=0,$C$8,IF($G92="SS",OFFSET($C$86,$F92,0)+$H92/24,IF($G92="FF",OFFSET($D$86,$F92,0)+$H92/24-$E92/24,IF($G92="SF",OFFSET($C$86,$F92,0)+$H92/24-$E92/24,OFFSET($D$86,$F92,0)+$H92/24))))) -> 46311.125 | D92: =IF(OR($B92="",6>$O$10),"",$C92+$E92/24) -> 46311.208 | E92: 2 | F92: 5 | G92: FS | H92: 0 | M92: =IF(OR($Q92="",$R92="",$V92=1),"",($R92-$Q92)*24) | O92: =IF(OR($B92="",6>$O$10),"",IF($AB92=1,"! CHECK LINK",IF($V92=1,"! CHECK DATES",IF($S92=1,IF($R92="","Completed",IF($R92<$D92,"Completed - Ahead",IF($R92<=$D92+1/1440,"Completed - On Time","Completed - Delayed"))),IF($Q92<>"",IF($Y92<=0.1,"In Progress - On Track","In Progress - BEHIND"),IF($M$5<$C92,"Not Started","NOT STARTED - LATE")))))) -> NOT STARTED - LATE | Q92: =IF($I92="","",$I92+IF($J92="",0,$J92)) | R92: =IF($K92="","",$K92+IF($L92="",0,$L92)) | S92: =IF($V92=1,0,IF($R92<>"",1,IF($N92="",0,$N92))) -> 0 | T92: =IF(OR($B92="",$E92=0),0,MEDIAN(0,($M$5-$C92)/($E92/24),1)) -> 1 | U92: =($S92-$T92)*$E92 -> -2 | V92: =IF(OR(AND($Q92<>"",$Q92<$C$8),AND($Q92<>"",$R92<>"",$R92<$Q92),AND($R92<>"",$Q92="")),1,0) -> 0 | W92: =IF($B92="","",IF($S92=1,IF($R92<>"",$R92,$D92),IF($Q92<>"",MAX($M$5,$Q92)+$E92*(1-$S92)/24,MAX($M$5,$C92)+$E92/24))) -> 46311.833 | X92: =IF($B92="","",ROUND(($W92-$D92)*24,1)) -> 15 | Y92: =IF($B92="","",IF($Q92<>"",$X92,IF($X92>0,MAX($X92,IF($Y91="",0,IF($Y91>0,$Y91-MAX(0,($C92-$D91)*24),$Y91))),IF($Y91="",0,IF($Y91>0,$Y91-MAX(0,($C92-$D91)*24),$Y91))))) -> 18 | AB92: =IF(AND($B92<>"",$F92>=6),1,0) -> 0
A93: =IF(OR($B93="",7>$O$10),"",7) -> 7 | B93: Surface preparation for precast installation | C93: =IF(OR($B93="",7>$O$10),"",IF($F93=0,$C$8,IF($G93="SS",OFFSET($C$86,$F93,0)+$H93/24,IF($G93="FF",OFFSET($D$86,$F93,0)+$H93/24-$E93/24,IF($G93="SF",OFFSET($C$86,$F93,0)+$H93/24-$E93/24,OFFSET($D$86,$F93,0)+$H93/24))))) -> 46311.208 | D93: =IF(OR($B93="",7>$O$10),"",$C93+$E93/24) -> 46311.292 | E93: 2 | F93: 6 | G93: FS | H93: 0 | M93: =IF(OR($Q93="",$R93="",$V93=1),"",($R93-$Q93)*24) | O93: =IF(OR($B93="",7>$O$10),"",IF($AB93=1,"! CHECK LINK",IF($V93=1,"! CHECK DATES",IF($S93=1,IF($R93="","Completed",IF($R93<$D93,"Completed - Ahead",IF($R93<=$D93+1/1440,"Completed - On Time","Completed - Delayed"))),IF($Q93<>"",IF($Y93<=0.1,"In Progress - On Track","In Progress - BEHIND"),IF($M$5<$C93,"Not Started","NOT STARTED - LATE")))))) -> NOT STARTED - LATE | Q93: =IF($I93="","",$I93+IF($J93="",0,$J93)) | R93: =IF($K93="","",$K93+IF($L93="",0,$L93)) | S93: =IF($V93=1,0,IF($R93<>"",1,IF($N93="",0,$N93))) -> 0 | T93: =IF(OR($B93="",$E93=0),0,MEDIAN(0,($M$5-$C93)/($E93/24),1)) -> 1 | U93: =($S93-$T93)*$E93 -> -2 | V93: =IF(OR(AND($Q93<>"",$Q93<$C$8),AND($Q93<>"",$R93<>"",$R93<$Q93),AND($R93<>"",$Q93="")),1,0) -> 0 | W93: =IF($B93="","",IF($S93=1,IF($R93<>"",$R93,$D93),IF($Q93<>"",MAX($M$5,$Q93)+$E93*(1-$S93)/24,MAX($M$5,$C93)+$E93/24))) -> 46311.833 | X93: =IF($B93="","",ROUND(($W93-$D93)*24,1)) -> 13 | Y93: =IF($B93="","",IF($Q93<>"",$X93,IF($X93>0,MAX($X93,IF($Y92="",0,IF($Y92>0,$Y92-MAX(0,($C93-$D92)*24),$Y92))),IF($Y92="",0,IF($Y92>0,$Y92-MAX(0,($C93-$D92)*24),$Y92))))) -> 18 | AB93: =IF(AND($B93<>"",$F93>=7),1,0) -> 0
A94: =IF(OR($B94="",8>$O$10),"",8) -> 8 | B94: Installation of new precast culvert | C94: =IF(OR($B94="",8>$O$10),"",IF($F94=0,$C$8,IF($G94="SS",OFFSET($C$86,$F94,0)+$H94/24,IF($G94="FF",OFFSET($D$86,$F94,0)+$H94/24-$E94/24,IF($G94="SF",OFFSET($C$86,$F94,0)+$H94/24-$E94/24,OFFSET($D$86,$F94,0)+$H94/24))))) -> 46311.292 | D94: =IF(OR($B94="",8>$O$10),"",$C94+$E94/24) -> 46311.417 | E94: 3 | F94: 7 | G94: FS | H94: 0 | M94: =IF(OR($Q94="",$R94="",$V94=1),"",($R94-$Q94)*24) | O94: =IF(OR($B94="",8>$O$10),"",IF($AB94=1,"! CHECK LINK",IF($V94=1,"! CHECK DATES",IF($S94=1,IF($R94="","Completed",IF($R94<$D94,"Completed - Ahead",IF($R94<=$D94+1/1440,"Completed - On Time","Completed - Delayed"))),IF($Q94<>"",IF($Y94<=0.1,"In Progress - On Track","In Progress - BEHIND"),IF($M$5<$C94,"Not Started","NOT STARTED - LATE")))))) -> NOT STARTED - LATE | Q94: =IF($I94="","",$I94+IF($J94="",0,$J94)) | R94: =IF($K94="","",$K94+IF($L94="",0,$L94)) | S94: =IF($V94=1,0,IF($R94<>"",1,IF($N94="",0,$N94))) -> 0 | T94: =IF(OR($B94="",$E94=0),0,MEDIAN(0,($M$5-$C94)/($E94/24),1)) -> 1 | U94: =($S94-$T94)*$E94 -> -3 | V94: =IF(OR(AND($Q94<>"",$Q94<$C$8),AND($Q94<>"",$R94<>"",$R94<$Q94),AND($R94<>"",$Q94="")),1,0) -> 0 | W94: =IF($B94="","",IF($S94=1,IF($R94<>"",$R94,$D94),IF($Q94<>"",MAX($M$5,$Q94)+$E94*(1-$S94)/24,MAX($M$5,$C94)+$E94/24))) -> 46311.875 | X94: =IF($B94="","",ROUND(($W94-$D94)*24,1)) -> 11 | Y94: =IF($B94="","",IF($Q94<>"",$X94,IF($X94>0,MAX($X94,IF($Y93="",0,IF($Y93>0,$Y93-MAX(0,($C94-$D93)*24),$Y93))),IF($Y93="",0,IF($Y93>0,$Y93-MAX(0,($C94-$D93)*24),$Y93))))) -> 18 | AB94: =IF(AND($B94<>"",$F94>=8),1,0) -> 0
A95: =IF(OR($B95="",9>$O$10),"",9) -> 9 | B95: Apply sealant to the culvert | C95: =IF(OR($B95="",9>$O$10),"",IF($F95=0,$C$8,IF($G95="SS",OFFSET($C$86,$F95,0)+$H95/24,IF($G95="FF",OFFSET($D$86,$F95,0)+$H95/24-$E95/24,IF($G95="SF",OFFSET($C$86,$F95,0)+$H95/24-$E95/24,OFFSET($D$86,$F95,0)+$H95/24))))) -> 46311.417 | D95: =IF(OR($B95="",9>$O$10),"",$C95+$E95/24) -> 46311.458 | E95: 1 | F95: 8 | G95: FS | H95: 0 | M95: =IF(OR($Q95="",$R95="",$V95=1),"",($R95-$Q95)*24) | O95: =IF(OR($B95="",9>$O$10),"",IF($AB95=1,"! CHECK LINK",IF($V95=1,"! CHECK DATES",IF($S95=1,IF($R95="","Completed",IF($R95<$D95,"Completed - Ahead",IF($R95<=$D95+1/1440,"Completed - On Time","Completed - Delayed"))),IF($Q95<>"",IF($Y95<=0.1,"In Progress - On Track","In Progress - BEHIND"),IF($M$5<$C95,"Not Started","NOT STARTED - LATE")))))) -> NOT STARTED - LATE | Q95: =IF($I95="","",$I95+IF($J95="",0,$J95)) | R95: =IF($K95="","",$K95+IF($L95="",0,$L95)) | S95: =IF($V95=1,0,IF($R95<>"",1,IF($N95="",0,$N95))) -> 0 | T95: =IF(OR($B95="",$E95=0),0,MEDIAN(0,($M$5-$C95)/($E95/24),1)) -> 1 | U95: =($S95-$T95)*$E95 -> -1 | V95: =IF(OR(AND($Q95<>"",$Q95<$C$8),AND($Q95<>"",$R95<>"",$R95<$Q95),AND($R95<>"",$Q95="")),1,0) -> 0 | W95: =IF($B95="","",IF($S95=1,IF($R95<>"",$R95,$D95),IF($Q95<>"",MAX($M$5,$Q95)+$E95*(1-$S95)/24,MAX($M$5,$C95)+$E95/24))) -> 46311.792 | X95: =IF($B95="","",ROUND(($W95-$D95)*24,1)) -> 8 | Y95: =IF($B95="","",IF($Q95<>"",$X95,IF($X95>0,MAX($X95,IF($Y94="",0,IF($Y94>0,$Y94-MAX(0,($C95-$D94)*24),$Y94))),IF($Y94="",0,IF($Y94>0,$Y94-MAX(0,($C95-$D94)*24),$Y94))))) -> 18 | AB95: =IF(AND($B95<>"",$F95>=9),1,0) -> 0
A96: =IF(OR($B96="",10>$O$10),"",10) -> 10 | B96: Backfill around culvert to subgrade level | C96: =IF(OR($B96="",10>$O$10),"",IF($F96=0,$C$8,IF($G96="SS",OFFSET($C$86,$F96,0)+$H96/24,IF($G96="FF",OFFSET($D$86,$F96,0)+$H96/24-$E96/24,IF($G96="SF",OFFSET($C$86,$F96,0)+$H96/24-$E96/24,OFFSET($D$86,$F96,0)+$H96/24))))) -> 46311.458 | D96: =IF(OR($B96="",10>$O$10),"",$C96+$E96/24) -> 46311.583 | E96: 3 | F96: 9 | G96: FS | H96: 0 | M96: =IF(OR($Q96="",$R96="",$V96=1),"",($R96-$Q96)*24) | O96: =IF(OR($B96="",10>$O$10),"",IF($AB96=1,"! CHECK LINK",IF($V96=1,"! CHECK DATES",IF($S96=1,IF($R96="","Completed",IF($R96<$D96,"Completed - Ahead",IF($R96<=$D96+1/1440,"Completed - On Time","Completed - Delayed"))),IF($Q96<>"",IF($Y96<=0.1,"In Progress - On Track","In Progress - BEHIND"),IF($M$5<$C96,"Not Started","NOT STARTED - LATE")))))) -> NOT STARTED - LATE | Q96: =IF($I96="","",$I96+IF($J96="",0,$J96)) | R96: =IF($K96="","",$K96+IF($L96="",0,$L96)) | S96: =IF($V96=1,0,IF($R96<>"",1,IF($N96="",0,$N96))) -> 0 | T96: =IF(OR($B96="",$E96=0),0,MEDIAN(0,($M$5-$C96)/($E96/24),1)) -> 1 | U96: =($S96-$T96)*$E96 -> -3 | V96: =IF(OR(AND($Q96<>"",$Q96<$C$8),AND($Q96<>"",$R96<>"",$R96<$Q96),AND($R96<>"",$Q96="")),1,0) -> 0 | W96: =IF($B96="","",IF($S96=1,IF($R96<>"",$R96,$D96),IF($Q96<>"",MAX($M$5,$Q96)+$E96*(1-$S96)/24,MAX($M$5,$C96)+$E96/24))) -> 46311.875 | X96: =IF($B96="","",ROUND(($W96-$D96)*24,1)) -> 7 | Y96: =IF($B96="","",IF($Q96<>"",$X96,IF($X96>0,MAX($X96,IF($Y95="",0,IF($Y95>0,$Y95-MAX(0,($C96-$D95)*24),$Y95))),IF($Y95="",0,IF($Y95>0,$Y95-MAX(0,($C96-$D95)*24),$Y95))))) -> 18 | AB96: =IF(AND($B96<>"",$F96>=10),1,0) -> 0
A97: =IF(OR($B97="",11>$O$10),"",11) -> 11 | B97: Backfill Subgrade | C97: =IF(OR($B97="",11>$O$10),"",IF($F97=0,$C$8,IF($G97="SS",OFFSET($C$86,$F97,0)+$H97/24,IF($G97="FF",OFFSET($D$86,$F97,0)+$H97/24-$E97/24,IF($G97="SF",OFFSET($C$86,$F97,0)+$H97/24-$E97/24,OFFSET($D$86,$F97,0)+$H97/24))))) -> 46311.583 | D97: =IF(OR($B97="",11>$O$10),"",$C97+$E97/24) -> 46311.625 | E97: 1 | F97: 10 | G97: FS | H97: 0 | M97: =IF(OR($Q97="",$R97="",$V97=1),"",($R97-$Q97)*24) | O97: =IF(OR($B97="",11>$O$10),"",IF($AB97=1,"! CHECK LINK",IF($V97=1,"! CHECK DATES",IF($S97=1,IF($R97="","Completed",IF($R97<$D97,"Completed - Ahead",IF($R97<=$D97+1/1440,"Completed - On Time","Completed - Delayed"))),IF($Q97<>"",IF($Y97<=0.1,"In Progress - On Track","In Progress - BEHIND"),IF($M$5<$C97,"Not Started","NOT STARTED - LATE")))))) -> NOT STARTED - LATE | Q97: =IF($I97="","",$I97+IF($J97="",0,$J97)) | R97: =IF($K97="","",$K97+IF($L97="",0,$L97)) | S97: =IF($V97=1,0,IF($R97<>"",1,IF($N97="",0,$N97))) -> 0 | T97: =IF(OR($B97="",$E97=0),0,MEDIAN(0,($M$5-$C97)/($E97/24),1)) -> 1 | U97: =($S97-$T97)*$E97 -> -1 | V97: =IF(OR(AND($Q97<>"",$Q97<$C$8),AND($Q97<>"",$R97<>"",$R97<$Q97),AND($R97<>"",$Q97="")),1,0) -> 0 | W97: =IF($B97="","",IF($S97=1,IF($R97<>"",$R97,$D97),IF($Q97<>"",MAX($M$5,$Q97)+$E97*(1-$S97)/24,MAX($M$5,$C97)+$E97/24))) -> 46311.792 | X97: =IF($B97="","",ROUND(($W97-$D97)*24,1)) -> 4 | Y97: =IF($B97="","",IF($Q97<>"",$X97,IF($X97>0,MAX($X97,IF($Y96="",0,IF($Y96>0,$Y96-MAX(0,($C97-$D96)*24),$Y96))),IF($Y96="",0,IF($Y96>0,$Y96-MAX(0,($C97-$D96)*24),$Y96))))) -> 18 | AB97: =IF(AND($B97<>"",$F97>=11),1,0) -> 0
A98: =IF(OR($B98="",12>$O$10),"",12) -> 12 | B98: First layer of ballast (Line 1) | C98: =IF(OR($B98="",12>$O$10),"",IF($F98=0,$C$8,IF($G98="SS",OFFSET($C$86,$F98,0)+$H98/24,IF($G98="FF",OFFSET($D$86,$F98,0)+$H98/24-$E98/24,IF($G98="SF",OFFSET($C$86,$F98,0)+$H98/24-$E98/24,OFFSET($D$86,$F98,0)+$H98/24))))) -> 46311.625 | D98: =IF(OR($B98="",12>$O$10),"",$C98+$E98/24) -> 46311.667 | E98: 1 | F98: 11 | G98: FS | H98: 0 | M98: =IF(OR($Q98="",$R98="",$V98=1),"",($R98-$Q98)*24) | O98: =IF(OR($B98="",12>$O$10),"",IF($AB98=1,"! CHECK LINK",IF($V98=1,"! CHECK DATES",IF($S98=1,IF($R98="","Completed",IF($R98<$D98,"Completed - Ahead",IF($R98<=$D98+1/1440,"Completed - On Time","Completed - Delayed"))),IF($Q98<>"",IF($Y98<=0.1,"In Progress - On Track","In Progress - BEHIND"),IF($M$5<$C98,"Not Started","NOT STARTED - LATE")))))) -> NOT STARTED - LATE | Q98: =IF($I98="","",$I98+IF($J98="",0,$J98)) | R98: =IF($K98="","",$K98+IF($L98="",0,$L98)) | S98: =IF($V98=1,0,IF($R98<>"",1,IF($N98="",0,$N98))) -> 0 | T98: =IF(OR($B98="",$E98=0),0,MEDIAN(0,($M$5-$C98)/($E98/24),1)) -> 1 | U98: =($S98-$T98)*$E98 -> -1 | V98: =IF(OR(AND($Q98<>"",$Q98<$C$8),AND($Q98<>"",$R98<>"",$R98<$Q98),AND($R98<>"",$Q98="")),1,0) -> 0 | W98: =IF($B98="","",IF($S98=1,IF($R98<>"",$R98,$D98),IF($Q98<>"",MAX($M$5,$Q98)+$E98*(1-$S98)/24,MAX($M$5,$C98)+$E98/24))) -> 46311.792 | X98: =IF($B98="","",ROUND(($W98-$D98)*24,1)) -> 3 | Y98: =IF($B98="","",IF($Q98<>"",$X98,IF($X98>0,MAX($X98,IF($Y97="",0,IF($Y97>0,$Y97-MAX(0,($C98-$D97)*24),$Y97))),IF($Y97="",0,IF($Y97>0,$Y97-MAX(0,($C98-$D97)*24),$Y97))))) -> 18 | AB98: =IF(AND($B98<>"",$F98>=12),1,0) -> 0
A99: =IF(OR($B99="",13>$O$10),"",13) -> 13 | B99: First layer of ballast (Line 3) | C99: =IF(OR($B99="",13>$O$10),"",IF($F99=0,$C$8,IF($G99="SS",OFFSET($C$86,$F99,0)+$H99/24,IF($G99="FF",OFFSET($D$86,$F99,0)+$H99/24-$E99/24,IF($G99="SF",OFFSET($C$86,$F99,0)+$H99/24-$E99/24,OFFSET($D$86,$F99,0)+$H99/24))))) -> 46311.667 | D99: =IF(OR($B99="",13>$O$10),"",$C99+$E99/24) -> 46311.708 | E99: 1 | F99: 12 | G99: FS | H99: 0 | M99: =IF(OR($Q99="",$R99="",$V99=1),"",($R99-$Q99)*24) | O99: =IF(OR($B99="",13>$O$10),"",IF($AB99=1,"! CHECK LINK",IF($V99=1,"! CHECK DATES",IF($S99=1,IF($R99="","Completed",IF($R99<$D99,"Completed - Ahead",IF($R99<=$D99+1/1440,"Completed - On Time","Completed - Delayed"))),IF($Q99<>"",IF($Y99<=0.1,"In Progress - On Track","In Progress - BEHIND"),IF($M$5<$C99,"Not Started","NOT STARTED - LATE")))))) -> NOT STARTED - LATE | Q99: =IF($I99="","",$I99+IF($J99="",0,$J99)) | R99: =IF($K99="","",$K99+IF($L99="",0,$L99)) | S99: =IF($V99=1,0,IF($R99<>"",1,IF($N99="",0,$N99))) -> 0 | T99: =IF(OR($B99="",$E99=0),0,MEDIAN(0,($M$5-$C99)/($E99/24),1)) -> 1 | U99: =($S99-$T99)*$E99 -> -1 | V99: =IF(OR(AND($Q99<>"",$Q99<$C$8),AND($Q99<>"",$R99<>"",$R99<$Q99),AND($R99<>"",$Q99="")),1,0) -> 0 | W99: =IF($B99="","",IF($S99=1,IF($R99<>"",$R99,$D99),IF($Q99<>"",MAX($M$5,$Q99)+$E99*(1-$S99)/24,MAX($M$5,$C99)+$E99/24))) -> 46311.792 | X99: =IF($B99="","",ROUND(($W99-$D99)*24,1)) -> 2 | Y99: =IF($B99="","",IF($Q99<>"",$X99,IF($X99>0,MAX($X99,IF($Y98="",0,IF($Y98>0,$Y98-MAX(0,($C99-$D98)*24),$Y98))),IF($Y98="",0,IF($Y98>0,$Y98-MAX(0,($C99-$D98)*24),$Y98))))) -> 18 | AB99: =IF(AND($B99<>"",$F99>=13),1,0) -> 0
A100: =IF(OR($B100="",14>$O$10),"",14) -> 14 | B100: Track installation (Line 1) | C100: =IF(OR($B100="",14>$O$10),"",IF($F100=0,$C$8,IF($G100="SS",OFFSET($C$86,$F100,0)+$H100/24,IF($G100="FF",OFFSET($D$86,$F100,0)+$H100/24-$E100/24,IF($G100="SF",OFFSET($C$86,$F100,0)+$H100/24-$E100/24,OFFSET($D$86,$F100,0)+$H100/24))))) -> 46311.708 | D100: =IF(OR($B100="",14>$O$10),"",$C100+$E100/24) -> 46311.75 | E100: 1 | F100: 13 | G100: FS | H100: 0 | M100: =IF(OR($Q100="",$R100="",$V100=1),"",($R100-$Q100)*24) | O100: =IF(OR($B100="",14>$O$10),"",IF($AB100=1,"! CHECK LINK",IF($V100=1,"! CHECK DATES",IF($S100=1,IF($R100="","Completed",IF($R100<$D100,"Completed - Ahead",IF($R100<=$D100+1/1440,"Completed - On Time","Completed - Delayed"))),IF($Q100<>"",IF($Y100<=0.1,"In Progress - On Track","In Progress - BEHIND"),IF($M$5<$C100,"Not Started","NOT STARTED - LATE")))))) -> NOT STARTED - LATE | Q100: =IF($I100="","",$I100+IF($J100="",0,$J100)) | R100: =IF($K100="","",$K100+IF($L100="",0,$L100)) | S100: =IF($V100=1,0,IF($R100<>"",1,IF($N100="",0,$N100))) -> 0 | T100: =IF(OR($B100="",$E100=0),0,MEDIAN(0,($M$5-$C100)/($E100/24),1)) -> 1 | U100: =($S100-$T100)*$E100 -> -1 | V100: =IF(OR(AND($Q100<>"",$Q100<$C$8),AND($Q100<>"",$R100<>"",$R100<$Q100),AND($R100<>"",$Q100="")),1,0) -> 0 | W100: =IF($B100="","",IF($S100=1,IF($R100<>"",$R100,$D100),IF($Q100<>"",MAX($M$5,$Q100)+$E100*(1-$S100)/24,MAX($M$5,$C100)+$E100/24))) -> 46311.792 | X100: =IF($B100="","",ROUND(($W100-$D100)*24,1)) -> 1 | Y100: =IF($B100="","",IF($Q100<>"",$X100,IF($X100>0,MAX($X100,IF($Y99="",0,IF($Y99>0,$Y99-MAX(0,($C100-$D99)*24),$Y99))),IF($Y99="",0,IF($Y99>0,$Y99-MAX(0,($C100-$D99)*24),$Y99))))) -> 18 | AB100: =IF(AND($B100<>"",$F100>=14),1,0) -> 0
A101: =IF(OR($B101="",15>$O$10),"",15) -> 15 | B101: Track installation (Line 3) | C101: =IF(OR($B101="",15>$O$10),"",IF($F101=0,$C$8,IF($G101="SS",OFFSET($C$86,$F101,0)+$H101/24,IF($G101="FF",OFFSET($D$86,$F101,0)+$H101/24-$E101/24,IF($G101="SF",OFFSET($C$86,$F101,0)+$H101/24-$E101/24,OFFSET($D$86,$F101,0)+$H101/24))))) -> 46311.75 | D101: =IF(OR($B101="",15>$O$10),"",$C101+$E101/24) -> 46311.792 | E101: 1 | F101: 14 | G101: FS | H101: 0 | M101: =IF(OR($Q101="",$R101="",$V101=1),"",($R101-$Q101)*24) | O101: =IF(OR($B101="",15>$O$10),"",IF($AB101=1,"! CHECK LINK",IF($V101=1,"! CHECK DATES",IF($S101=1,IF($R101="","Completed",IF($R101<$D101,"Completed - Ahead",IF($R101<=$D101+1/1440,"Completed - On Time","Completed - Delayed"))),IF($Q101<>"",IF($Y101<=0.1,"In Progress - On Track","In Progress - BEHIND"),IF($M$5<$C101,"Not Started","NOT STARTED - LATE")))))) -> NOT STARTED - LATE | Q101: =IF($I101="","",$I101+IF($J101="",0,$J101)) | R101: =IF($K101="","",$K101+IF($L101="",0,$L101)) | S101: =IF($V101=1,0,IF($R101<>"",1,IF($N101="",0,$N101))) -> 0 | T101: =IF(OR($B101="",$E101=0),0,MEDIAN(0,($M$5-$C101)/($E101/24),1)) -> 0 | U101: =($S101-$T101)*$E101 -> 0 | V101: =IF(OR(AND($Q101<>"",$Q101<$C$8),AND($Q101<>"",$R101<>"",$R101<$Q101),AND($R101<>"",$Q101="")),1,0) -> 0 | W101: =IF($B101="","",IF($S101=1,IF($R101<>"",$R101,$D101),IF($Q101<>"",MAX($M$5,$Q101)+$E101*(1-$S101)/24,MAX($M$5,$C101)+$E101/24))) -> 46311.792 | X101: =IF($B101="","",ROUND(($W101-$D101)*24,1)) -> 0 | Y101: =IF($B101="","",IF($Q101<>"",$X101,IF($X101>0,MAX($X101,IF($Y100="",0,IF($Y100>0,$Y100-MAX(0,($C101-$D100)*24),$Y100))),IF($Y100="",0,IF($Y100>0,$Y100-MAX(0,($C101-$D100)*24),$Y100))))) -> 18 | AB101: =IF(AND($B101<>"",$F101>=15),1,0) -> 0
A102: =IF(OR($B102="",16>$O$10),"",16) -> 16 | B102: 1st & 2nd Ballasting / Tamping (Line 1) | C102: =IF(OR($B102="",16>$O$10),"",IF($F102=0,$C$8,IF($G102="SS",OFFSET($C$86,$F102,0)+$H102/24,IF($G102="FF",OFFSET($D$86,$F102,0)+$H102/24-$E102/24,IF($G102="SF",OFFSET($C$86,$F102,0)+$H102/24-$E102/24,OFFSET($D$86,$F102,0)+$H102/24))))) -> 46311.792 | D102: =IF(OR($B102="",16>$O$10),"",$C102+$E102/24) -> 46311.833 | E102: 1 | F102: 15 | G102: FS | H102: 0 | M102: =IF(OR($Q102="",$R102="",$V102=1),"",($R102-$Q102)*24) | O102: =IF(OR($B102="",16>$O$10),"",IF($AB102=1,"! CHECK LINK",IF($V102=1,"! CHECK DATES",IF($S102=1,IF($R102="","Completed",IF($R102<$D102,"Completed - Ahead",IF($R102<=$D102+1/1440,"Completed - On Time","Completed - Delayed"))),IF($Q102<>"",IF($Y102<=0.1,"In Progress - On Track","In Progress - BEHIND"),IF($M$5<$C102,"Not Started","NOT STARTED - LATE")))))) -> Not Started | Q102: =IF($I102="","",$I102+IF($J102="",0,$J102)) | R102: =IF($K102="","",$K102+IF($L102="",0,$L102)) | S102: =IF($V102=1,0,IF($R102<>"",1,IF($N102="",0,$N102))) -> 0 | T102: =IF(OR($B102="",$E102=0),0,MEDIAN(0,($M$5-$C102)/($E102/24),1)) -> 0 | U102: =($S102-$T102)*$E102 -> 0 | V102: =IF(OR(AND($Q102<>"",$Q102<$C$8),AND($Q102<>"",$R102<>"",$R102<$Q102),AND($R102<>"",$Q102="")),1,0) -> 0 | W102: =IF($B102="","",IF($S102=1,IF($R102<>"",$R102,$D102),IF($Q102<>"",MAX($M$5,$Q102)+$E102*(1-$S102)/24,MAX($M$5,$C102)+$E102/24))) -> 46311.833 | X102: =IF($B102="","",ROUND(($W102-$D102)*24,1)) -> 0 | Y102: =IF($B102="","",IF($Q102<>"",$X102,IF($X102>0,MAX($X102,IF($Y101="",0,IF($Y101>0,$Y101-MAX(0,($C102-$D101)*24),$Y101))),IF($Y101="",0,IF($Y101>0,$Y101-MAX(0,($C102-$D101)*24),$Y101))))) -> 18 | AB102: =IF(AND($B102<>"",$F102>=16),1,0) -> 0
A103: =IF(OR($B103="",17>$O$10),"",17) -> 17 | B103: Final Ballasting / Tamping (Line 1) | C103: =IF(OR($B103="",17>$O$10),"",IF($F103=0,$C$8,IF($G103="SS",OFFSET($C$86,$F103,0)+$H103/24,IF($G103="FF",OFFSET($D$86,$F103,0)+$H103/24-$E103/24,IF($G103="SF",OFFSET($C$86,$F103,0)+$H103/24-$E103/24,OFFSET($D$86,$F103,0)+$H103/24))))) -> 46311.833 | D103: =IF(OR($B103="",17>$O$10),"",$C103+$E103/24) -> 46311.875 | E103: 1 | F103: 16 | G103: FS | H103: 0 | M103: =IF(OR($Q103="",$R103="",$V103=1),"",($R103-$Q103)*24) | O103: =IF(OR($B103="",17>$O$10),"",IF($AB103=1,"! CHECK LINK",IF($V103=1,"! CHECK DATES",IF($S103=1,IF($R103="","Completed",IF($R103<$D103,"Completed - Ahead",IF($R103<=$D103+1/1440,"Completed - On Time","Completed - Delayed"))),IF($Q103<>"",IF($Y103<=0.1,"In Progress - On Track","In Progress - BEHIND"),IF($M$5<$C103,"Not Started","NOT STARTED - LATE")))))) -> Not Started | Q103: =IF($I103="","",$I103+IF($J103="",0,$J103)) | R103: =IF($K103="","",$K103+IF($L103="",0,$L103)) | S103: =IF($V103=1,0,IF($R103<>"",1,IF($N103="",0,$N103))) -> 0 | T103: =IF(OR($B103="",$E103=0),0,MEDIAN(0,($M$5-$C103)/($E103/24),1)) -> 0 | U103: =($S103-$T103)*$E103 -> 0 | V103: =IF(OR(AND($Q103<>"",$Q103<$C$8),AND($Q103<>"",$R103<>"",$R103<$Q103),AND($R103<>"",$Q103="")),1,0) -> 0 | W103: =IF($B103="","",IF($S103=1,IF($R103<>"",$R103,$D103),IF($Q103<>"",MAX($M$5,$Q103)+$E103*(1-$S103)/24,MAX($M$5,$C103)+$E103/24))) -> 46311.875 | X103: =IF($B103="","",ROUND(($W103-$D103)*24,1)) -> 0 | Y103: =IF($B103="","",IF($Q103<>"",$X103,IF($X103>0,MAX($X103,IF($Y102="",0,IF($Y102>0,$Y102-MAX(0,($C103-$D102)*24),$Y102))),IF($Y102="",0,IF($Y102>0,$Y102-MAX(0,($C103-$D102)*24),$Y102))))) -> 18 | AB103: =IF(AND($B103<>"",$F103>=17),1,0) -> 0
A104: =IF(OR($B104="",18>$O$10),"",18) -> 18 | B104: OTMP moves from line 1 to Line 3 | C104: =IF(OR($B104="",18>$O$10),"",IF($F104=0,$C$8,IF($G104="SS",OFFSET($C$86,$F104,0)+$H104/24,IF($G104="FF",OFFSET($D$86,$F104,0)+$H104/24-$E104/24,IF($G104="SF",OFFSET($C$86,$F104,0)+$H104/24-$E104/24,OFFSET($D$86,$F104,0)+$H104/24))))) -> 46311.875 | D104: =IF(OR($B104="",18>$O$10),"",$C104+$E104/24) -> 46311.917 | E104: 1 | F104: 17 | G104: FS | H104: 0 | M104: =IF(OR($Q104="",$R104="",$V104=1),"",($R104-$Q104)*24) | O104: =IF(OR($B104="",18>$O$10),"",IF($AB104=1,"! CHECK LINK",IF($V104=1,"! CHECK DATES",IF($S104=1,IF($R104="","Completed",IF($R104<$D104,"Completed - Ahead",IF($R104<=$D104+1/1440,"Completed - On Time","Completed - Delayed"))),IF($Q104<>"",IF($Y104<=0.1,"In Progress - On Track","In Progress - BEHIND"),IF($M$5<$C104,"Not Started","NOT STARTED - LATE")))))) -> Not Started | Q104: =IF($I104="","",$I104+IF($J104="",0,$J104)) | R104: =IF($K104="","",$K104+IF($L104="",0,$L104)) | S104: =IF($V104=1,0,IF($R104<>"",1,IF($N104="",0,$N104))) -> 0 | T104: =IF(OR($B104="",$E104=0),0,MEDIAN(0,($M$5-$C104)/($E104/24),1)) -> 0 | U104: =($S104-$T104)*$E104 -> 0 | V104: =IF(OR(AND($Q104<>"",$Q104<$C$8),AND($Q104<>"",$R104<>"",$R104<$Q104),AND($R104<>"",$Q104="")),1,0) -> 0 | W104: =IF($B104="","",IF($S104=1,IF($R104<>"",$R104,$D104),IF($Q104<>"",MAX($M$5,$Q104)+$E104*(1-$S104)/24,MAX($M$5,$C104)+$E104/24))) -> 46311.917 | X104: =IF($B104="","",ROUND(($W104-$D104)*24,1)) -> 0 | Y104: =IF($B104="","",IF($Q104<>"",$X104,IF($X104>0,MAX($X104,IF($Y103="",0,IF($Y103>0,$Y103-MAX(0,($C104-$D103)*24),$Y103))),IF($Y103="",0,IF($Y103>0,$Y103-MAX(0,($C104-$D103)*24),$Y103))))) -> 18 | AB104: =IF(AND($B104<>"",$F104>=18),1,0) -> 0
A105: =IF(OR($B105="",19>$O$10),"",19) -> 19 | B105: ATW – 4U (out of destressing) (Line 1) | C105: =IF(OR($B105="",19>$O$10),"",IF($F105=0,$C$8,IF($G105="SS",OFFSET($C$86,$F105,0)+$H105/24,IF($G105="FF",OFFSET($D$86,$F105,0)+$H105/24-$E105/24,IF($G105="SF",OFFSET($C$86,$F105,0)+$H105/24-$E105/24,OFFSET($D$86,$F105,0)+$H105/24))))) -> 46311.917 | D105: =IF(OR($B105="",19>$O$10),"",$C105+$E105/24) -> 46312 | E105: 2 | F105: 18 | G105: FS | H105: 0 | M105: =IF(OR($Q105="",$R105="",$V105=1),"",($R105-$Q105)*24) | O105: =IF(OR($B105="",19>$O$10),"",IF($AB105=1,"! CHECK LINK",IF($V105=1,"! CHECK DATES",IF($S105=1,IF($R105="","Completed",IF($R105<$D105,"Completed - Ahead",IF($R105<=$D105+1/1440,"Completed - On Time","Completed - Delayed"))),IF($Q105<>"",IF($Y105<=0.1,"In Progress - On Track","In Progress - BEHIND"),IF($M$5<$C105,"Not Started","NOT STARTED - LATE")))))) -> Not Started | Q105: =IF($I105="","",$I105+IF($J105="",0,$J105)) | R105: =IF($K105="","",$K105+IF($L105="",0,$L105)) | S105: =IF($V105=1,0,IF($R105<>"",1,IF($N105="",0,$N105))) -> 0 | T105: =IF(OR($B105="",$E105=0),0,MEDIAN(0,($M$5-$C105)/($E105/24),1)) -> 0 | U105: =($S105-$T105)*$E105 -> 0 | V105: =IF(OR(AND($Q105<>"",$Q105<$C$8),AND($Q105<>"",$R105<>"",$R105<$Q105),AND($R105<>"",$Q105="")),1,0) -> 0 | W105: =IF($B105="","",IF($S105=1,IF($R105<>"",$R105,$D105),IF($Q105<>"",MAX($M$5,$Q105)+$E105*(1-$S105)/24,MAX($M$5,$C105)+$E105/24))) -> 46312 | X105: =IF($B105="","",ROUND(($W105-$D105)*24,1)) -> 0 | Y105: =IF($B105="","",IF($Q105<>"",$X105,IF($X105>0,MAX($X105,IF($Y104="",0,IF($Y104>0,$Y104-MAX(0,($C105-$D104)*24),$Y104))),IF($Y104="",0,IF($Y104>0,$Y104-MAX(0,($C105-$D104)*24),$Y104))))) -> 18 | AB105: =IF(AND($B105<>"",$F105>=19),1,0) -> 0
A106: =IF(OR($B106="",20>$O$10),"",20) -> 20 | B106: ATW – 4U (out of destressing) (Line 3) | C106: =IF(OR($B106="",20>$O$10),"",IF($F106=0,$C$8,IF($G106="SS",OFFSET($C$86,$F106,0)+$H106/24,IF($G106="FF",OFFSET($D$86,$F106,0)+$H106/24-$E106/24,IF($G106="SF",OFFSET($C$86,$F106,0)+$H106/24-$E106/24,OFFSET($D$86,$F106,0)+$H106/24))))) -> 46312 | D106: =IF(OR($B106="",20>$O$10),"",$C106+$E106/24) -> 46312.083 | E106: 2 | F106: 19 | G106: FS | H106: 0 | M106: =IF(OR($Q106="",$R106="",$V106=1),"",($R106-$Q106)*24) | O106: =IF(OR($B106="",20>$O$10),"",IF($AB106=1,"! CHECK LINK",IF($V106=1,"! CHECK DATES",IF($S106=1,IF($R106="","Completed",IF($R106<$D106,"Completed - Ahead",IF($R106<=$D106+1/1440,"Completed - On Time","Completed - Delayed"))),IF($Q106<>"",IF($Y106<=0.1,"In Progress - On Track","In Progress - BEHIND"),IF($M$5<$C106,"Not Started","NOT STARTED - LATE")))))) -> Not Started | Q106: =IF($I106="","",$I106+IF($J106="",0,$J106)) | R106: =IF($K106="","",$K106+IF($L106="",0,$L106)) | S106: =IF($V106=1,0,IF($R106<>"",1,IF($N106="",0,$N106))) -> 0 | T106: =IF(OR($B106="",$E106=0),0,MEDIAN(0,($M$5-$C106)/($E106/24),1)) -> 0 | U106: =($S106-$T106)*$E106 -> 0 | V106: =IF(OR(AND($Q106<>"",$Q106<$C$8),AND($Q106<>"",$R106<>"",$R106<$Q106),AND($R106<>"",$Q106="")),1,0) -> 0 | W106: =IF($B106="","",IF($S106=1,IF($R106<>"",$R106,$D106),IF($Q106<>"",MAX($M$5,$Q106)+$E106*(1-$S106)/24,MAX($M$5,$C106)+$E106/24))) -> 46312.083 | X106: =IF($B106="","",ROUND(($W106-$D106)*24,1)) -> 0 | Y106: =IF($B106="","",IF($Q106<>"",$X106,IF($X106>0,MAX($X106,IF($Y105="",0,IF($Y105>0,$Y105-MAX(0,($C106-$D105)*24),$Y105))),IF($Y105="",0,IF($Y105>0,$Y105-MAX(0,($C106-$D105)*24),$Y105))))) -> 18 | AB106: =IF(AND($B106<>"",$F106>=20),1,0) -> 0
A107: =IF(OR($B107="",21>$O$10),"",21) -> 21 | B107: 1st & 2nd Ballasting / Tamping (Line 3) | C107: =IF(OR($B107="",21>$O$10),"",IF($F107=0,$C$8,IF($G107="SS",OFFSET($C$86,$F107,0)+$H107/24,IF($G107="FF",OFFSET($D$86,$F107,0)+$H107/24-$E107/24,IF($G107="SF",OFFSET($C$86,$F107,0)+$H107/24-$E107/24,OFFSET($D$86,$F107,0)+$H107/24))))) -> 46312.083 | D107: =IF(OR($B107="",21>$O$10),"",$C107+$E107/24) -> 46312.125 | E107: 1 | F107: 20 | G107: FS | H107: 0 | M107: =IF(OR($Q107="",$R107="",$V107=1),"",($R107-$Q107)*24) | O107: =IF(OR($B107="",21>$O$10),"",IF($AB107=1,"! CHECK LINK",IF($V107=1,"! CHECK DATES",IF($S107=1,IF($R107="","Completed",IF($R107<$D107,"Completed - Ahead",IF($R107<=$D107+1/1440,"Completed - On Time","Completed - Delayed"))),IF($Q107<>"",IF($Y107<=0.1,"In Progress - On Track","In Progress - BEHIND"),IF($M$5<$C107,"Not Started","NOT STARTED - LATE")))))) -> Not Started | Q107: =IF($I107="","",$I107+IF($J107="",0,$J107)) | R107: =IF($K107="","",$K107+IF($L107="",0,$L107)) | S107: =IF($V107=1,0,IF($R107<>"",1,IF($N107="",0,$N107))) -> 0 | T107: =IF(OR($B107="",$E107=0),0,MEDIAN(0,($M$5-$C107)/($E107/24),1)) -> 0 | U107: =($S107-$T107)*$E107 -> 0 | V107: =IF(OR(AND($Q107<>"",$Q107<$C$8),AND($Q107<>"",$R107<>"",$R107<$Q107),AND($R107<>"",$Q107="")),1,0) -> 0 | W107: =IF($B107="","",IF($S107=1,IF($R107<>"",$R107,$D107),IF($Q107<>"",MAX($M$5,$Q107)+$E107*(1-$S107)/24,MAX($M$5,$C107)+$E107/24))) -> 46312.125 | X107: =IF($B107="","",ROUND(($W107-$D107)*24,1)) -> 0 | Y107: =IF($B107="","",IF($Q107<>"",$X107,IF($X107>0,MAX($X107,IF($Y106="",0,IF($Y106>0,$Y106-MAX(0,($C107-$D106)*24),$Y106))),IF($Y106="",0,IF($Y106>0,$Y106-MAX(0,($C107-$D106)*24),$Y106))))) -> 18 | AB107: =IF(AND($B107<>"",$F107>=21),1,0) -> 0
A108: =IF(OR($B108="",22>$O$10),"",22) -> 22 | B108: Final Ballasting / Tamping (Line 3) | C108: =IF(OR($B108="",22>$O$10),"",IF($F108=0,$C$8,IF($G108="SS",OFFSET($C$86,$F108,0)+$H108/24,IF($G108="FF",OFFSET($D$86,$F108,0)+$H108/24-$E108/24,IF($G108="SF",OFFSET($C$86,$F108,0)+$H108/24-$E108/24,OFFSET($D$86,$F108,0)+$H108/24))))) -> 46312.125 | D108: =IF(OR($B108="",22>$O$10),"",$C108+$E108/24) -> 46312.167 | E108: 1 | F108: 21 | G108: FS | H108: 0 | M108: =IF(OR($Q108="",$R108="",$V108=1),"",($R108-$Q108)*24) | O108: =IF(OR($B108="",22>$O$10),"",IF($AB108=1,"! CHECK LINK",IF($V108=1,"! CHECK DATES",IF($S108=1,IF($R108="","Completed",IF($R108<$D108,"Completed - Ahead",IF($R108<=$D108+1/1440,"Completed - On Time","Completed - Delayed"))),IF($Q108<>"",IF($Y108<=0.1,"In Progress - On Track","In Progress - BEHIND"),IF($M$5<$C108,"Not Started","NOT STARTED - LATE")))))) -> Not Started | Q108: =IF($I108="","",$I108+IF($J108="",0,$J108)) | R108: =IF($K108="","",$K108+IF($L108="",0,$L108)) | S108: =IF($V108=1,0,IF($R108<>"",1,IF($N108="",0,$N108))) -> 0 | T108: =IF(OR($B108="",$E108=0),0,MEDIAN(0,($M$5-$C108)/($E108/24),1)) -> 0 | U108: =($S108-$T108)*$E108 -> 0 | V108: =IF(OR(AND($Q108<>"",$Q108<$C$8),AND($Q108<>"",$R108<>"",$R108<$Q108),AND($R108<>"",$Q108="")),1,0) -> 0 | W108: =IF($B108="","",IF($S108=1,IF($R108<>"",$R108,$D108),IF($Q108<>"",MAX($M$5,$Q108)+$E108*(1-$S108)/24,MAX($M$5,$C108)+$E108/24))) -> 46312.167 | X108: =IF($B108="","",ROUND(($W108-$D108)*24,1)) -> 0 | Y108: =IF($B108="","",IF($Q108<>"",$X108,IF($X108>0,MAX($X108,IF($Y107="",0,IF($Y107>0,$Y107-MAX(0,($C108-$D107)*24),$Y107))),IF($Y107="",0,IF($Y107>0,$Y107-MAX(0,($C108-$D107)*24),$Y107))))) -> 18 | AB108: =IF(AND($B108<>"",$F108>=22),1,0) -> 0
...
