Workbook

Sheet Cover
A4: SAR | I4: SAUDI ARABIA RAILWAYS
I5: Project Controls | East West Railway
A8: EAST WEST RAILWAY (EWR) | CULVERTS REPLACEMENT PHASE 2
A9: SHUTDOWN 02 - PROGRESS REPORT
A10: Culverts C028, C052, C053, C067 and C070 | August 2026
A13: SHUTDOWN START | E13: SHUTDOWN FINISH | I13: PLANNED DURATION | O13: WORK LOCATIONS
A14: 21-Aug-2026 | E14: 22-Aug-2026 | I14: 2 days | O14: 5 culverts
A15: 00:00 | E15: 00:00 | I15: per activity plan | O15: KM 116+700 - 132+198
A44: NOTE FOR RECONCILIATION
A45: Header finish reads 22-Aug-2026 00:00 while the activity plan runs to 23-Aug-2026.
A46: Waiting locations read TK 121+000 / TK 131+000 here and TK 120+000 / TK 130+000 in the OTMP narrative.
A48: DOCUMENT CONTROL
A49: DOCUMENT REF. | E49: REVISION | I49: DATE | O49: STATUS
A52: PREPARED BY | E52: CHECKED BY | I52: APPROVED BY | O52: CLIENT / SAR
A54: Name / Signature / Date | E54: Name / Signature / Date | I54: Name / Signature / Date | O54: Name / Signature / Date
A56: Culverts Replacement Phase 2 - EWR | Shutdown 02 Progress Report | I56: Page 1 of 1 - Cover
A57: SAUDI ARABIA RAILWAYS | SAR.COM.SA

Sheet Shutdown02 Progress
A1: EWR CULVERTS REPLACEMENT PHASE 2 - SHUTDOWN 03 PROGRESS TRACKER
A2: AUGUST 2026 | Culverts: C263, C265, C267, C288, C289
A4: =NOW() -> 46305.345 | C4: Start : 16-Oct-2026 00.00 AM | J4: Finish : 17-Oct-2026 00.00 AM | O4: Time Remaining : | R4: =V13 -> 7day15hrs41mins
V5: 46311.999 | Y5: Day 2 (00:00): | Z5: 46312.999
V9: =NOW() -> 46305.345
V13: =INT(Z5-V9)&"day"&TEXT(Z5-V9,"h""hrs""m""mins""") -> 7day15hrs41mins
U14: =IF(OR(B2="",G2=""),"",IF(G2<B2,"Ahead",IF(G2=B2,"On-Time","Delayed")))
A15: No | B15: Work Description | C15: No. Hours | D15: Wt. %P | E15: Wt.%PA | G15: Date (Plan) | I15: Date (Actual | K15: Time (Plan-Target) | M15: Total Time (Plan) | N15: Time (vs. Actual) | P15: Total Time Completed | Q15: Time Difference (Ahead, On-Time, Delayed) | R15: Progress Status | S15: Remarks
F16: % Progress | G16: Start | H16: End | I16: Start | J16: End | K16: Start | L16: End | N16: Start | O16: End
V17: Completed - Ahead of time
A18: LOCATION: C263 , TK 209+025 (Line 1 & Line 3) | V18: Completed
A19: 1 | B19: Pre-Shutdown Arrangement (Mobilization Works) | C19: T-48 Hours | R19: =IF(F19=100%,"Completed",IF(F19=0,"Not Started","In Progress")) -> Not Started | V19: Completed - Delayed
A20: =A19+1 -> 2 | B20: TSO OTMP moves from station 29 to Main Line 1 | C20: =1/24 -> 0.041666667 | D20: 2.03 | E20: =D20*F20 -> 0 | G20: 46311 | H20: 46311 | K20: 0 | L20: =K20+C20 -> 0.041666667 | M20: =L20-K20 -> 0.041666667 | P20: =IF(OR(I20="",J20="",N20="",O20=""),"",((J20+O20)-(I20+N20))) | Q20: =IF(OR(H20="",J20="",L20="",O20=""),"",IF((J20+O20)<(H20+L20),"Ahead",IF((J20+O20)=(H20+L20),"On-Time","Delayed"))) | R20: =IF(F20=100%,"Completed",IF(F20=0,"Not Started","In Progress")) -> Not Started | S20: OTMP Movement
A21: 3 | B21: Track removal and evacuation of panels (line 1) | C21: =1/24 -> 0.041666667 | D21: =(C21/$C$47)*100 -> 2.0408163 | E21: =D21*F21 -> 0 | G21: 46311 | H21: 46311 | K21: 0.041666667 | L21: 0.083333333 | M21: =L21-K21 -> 0.041666667 | P21: =IF(OR(I21="",J21="",N21="",O21=""),"",((J21+O21)-(I21+N21))) | Q21: =IF(OR(H21="",J21="",L21="",O21=""),"",IF((J21+O21)<(H21+L21),"Ahead",IF((J21+O21)=(H21+L21),"On-Time","Delayed"))) | R21: =IF(F21=100%,"Completed",IF(F21=0,"Not Started","In Progress")) -> Not Started | V21: In-progress
A22: =A21+1 -> 4 | B22: Track removal and evacuation of panels (line 3) | C22: 0.041666667 | D22: =(C22/$C$47)*100 -> 2.0408163 | E22: =D22*F22 -> 0 | G22: 46311 | H22: 46311 | K22: 0 | L22: 0.041666667 | M22: =L22-K22 -> 0.041666667 | P22: =IF(OR(I22="",J22="",N22="",O22=""),"",((J22+O22)-(I22+N22))) | Q22: =IF(OR(H22="",J22="",L22="",O22=""),"",IF((J22+O22)<(H22+L22),"Ahead",IF((J22+O22)=(H22+L22),"On-Time","Delayed"))) | R22: =IF(F22=100%,"Completed",IF(F22=0,"Not Started","In Progress")) -> Not Started
A23: =A22+1 -> 5 | B23: Ballast removal | C23: =1/24 -> 0.041666667 | D23: =(C23/$C$47)*100 -> 2.0408163 | E23: =D23*F23 -> 0 | G23: 46311 | H23: 46311 | K23: =L21 -> 0.083333333 | L23: =K23+C23 -> 0.125 | M23: =L23-K23 -> 0.041666667 | P23: =IF(OR(I23="",J23="",N23="",O23=""),"",((J23+O23)-(I23+N23))) | Q23: =IF(OR(H23="",J23="",L23="",O23=""),"",IF((J23+O23)<(H23+L23),"Ahead",IF((J23+O23)=(H23+L23),"On-Time","Delayed"))) | R23: =IF(F23=100%,"Completed",IF(F23=0,"Not Started","In Progress")) -> Not Started | V23: Completed - Ontime
A24: =A23+1 -> 6 | B24: Cutting and removal of material around existing culvert | C24: =3/24 -> 0.125 | D24: =(C24/$C$47)*100 -> 6.122449 | E24: =D24*F24 -> 0 | G24: 46311 | H24: 46311 | K24: =L23 -> 0.125 | L24: =K24+C24 -> 0.25 | M24: =L24-K24 -> 0.125 | P24: =IF(OR(I24="",J24="",N24="",O24=""),"",((J24+O24)-(I24+N24))) | Q24: =IF(OR(H24="",J24="",L24="",O24=""),"",IF((J24+O24)<(H24+L24),"Ahead",IF((J24+O24)=(H24+L24),"On-Time","Delayed"))) | R24: =IF(F24=100%,"Completed",IF(F24=0,"Not Started","In Progress")) -> Not Started
A25: =A24+1 -> 7 | B25: Demolition of existing culvert | C25: =4/24 -> 0.16666667 | D25: =(C25/$C$47)*100 -> 8.1632653 | E25: =D25*F25 -> 0 | G25: 46311 | H25: 46311 | K25: =L24 -> 0.25 | L25: =K25+C25 -> 0.41666667 | M25: =L25-K25 -> 0.16666667 | P25: =IF(OR(I25="",J25="",N25="",O25=""),"",((J25+O25)-(I25+N25))) | Q25: =IF(OR(H25="",J25="",L25="",O25=""),"",IF((J25+O25)<(H25+L25),"Ahead",IF((J25+O25)=(H25+L25),"On-Time","Delayed"))) | R25: =IF(F25=100%,"Completed",IF(F25=0,"Not Started","In Progress")) -> Not Started
A26: =A25+1 -> 8 | B26: Surface preparation for the precast culvert installation | C26: =2/24 -> 0.083333333 | D26: =(C26/$C$47)*100 -> 4.0816327 | E26: =D26*F26 -> 0 | G26: 46311 | H26: 46311 | K26: =L25 -> 0.41666667 | L26: =K26+C26 -> 0.5 | M26: =L26-K26 -> 0.083333333 | P26: =IF(OR(I26="",J26="",N26="",O26=""),"",((J26+O26)-(I26+N26))) | Q26: =IF(OR(H26="",J26="",L26="",O26=""),"",IF((J26+O26)<(H26+L26),"Ahead",IF((J26+O26)=(H26+L26),"On-Time","Delayed"))) | R26: =IF(F26=100%,"Completed",IF(F26=0,"Not Started","In Progress")) -> Not Started
A27: =A26+1 -> 9 | B27: Installation of new precast culvert | C27: =5/24 -> 0.20833333 | D27: =(C27/$C$47)*100 -> 10.204082 | E27: =D27*F27 -> 0 | G27: 46311 | H27: 46311 | K27: =L26 -> 0.5 | L27: =K27+C27 -> 0.70833333 | M27: =L27-K27 -> 0.20833333 | P27: =IF(OR(I27="",J27="",N27="",O27=""),"",((J27+O27)-(I27+N27))) | Q27: =IF(OR(H27="",J27="",L27="",O27=""),"",IF((J27+O27)<(H27+L27),"Ahead",IF((J27+O27)=(H27+L27),"On-Time","Delayed"))) | R27: =IF(F27=100%,"Completed",IF(F27=0,"Not Started","In Progress")) -> Not Started
A28: =A27+1 -> 10 | B28: Apply sealant to the culvert | C28: =2/24 -> 0.083333333 | D28: =(C28/$C$47)*100 -> 4.0816327 | E28: =D28*F28 -> 0 | G28: 46311 | H28: 46311 | K28: =L27 -> 0.70833333 | L28: =K28+C28 -> 0.79166667 | M28: =L28-K28 -> 0.083333333 | P28: =IF(OR(I28="",J28="",N28="",O28=""),"",((J28+O28)-(I28+N28))) | Q28: =IF(OR(H28="",J28="",L28="",O28=""),"",IF((J28+O28)<(H28+L28),"Ahead",IF((J28+O28)=(H28+L28),"On-Time","Delayed"))) | R28: =IF(F28=100%,"Completed",IF(F28=0,"Not Started","In Progress")) -> Not Started
A29: =A28+1 -> 11 | B29: Backfill around the culvert till subgrade level | C29: =5/24 -> 0.20833333 | D29: =(C29/$C$47)*100 -> 10.204082 | E29: =D29*F29 -> 0 | G29: 46311 | H29: 46311 | K29: =L28 -> 0.79166667 | L29: =K29+C29 -> 1 | M29: =L29-K29 -> 0.20833333 | P29: =IF(OR(I29="",J29="",N29="",O29=""),"",((J29+O29)-(I29+N29))) | Q29: =IF(OR(H29="",J29="",L29="",O29=""),"",IF((J29+O29)<(H29+L29),"Ahead",IF((J29+O29)=(H29+L29),"On-Time","Delayed"))) | R29: =IF(F29=100%,"Completed",IF(F29=0,"Not Started","In Progress")) -> Not Started
A30: =A29+1 -> 12 | B30: Backfill Subgrade | C30: =2/24 -> 0.083333333 | D30: =(C30/$C$47)*100 -> 4.0816327 | E30: =D30*F30 -> 0 | G30: 46312 | H30: 46312 | K30: =L29 -> 1 | L30: =K30+C30 -> 1.0833333 | M30: =L30-K30 -> 0.083333333 | P30: =IF(OR(I30="",J30="",N30="",O30=""),"",((J30+O30)-(I30+N30))) | Q30: =IF(OR(H30="",J30="",L30="",O30=""),"",IF((J30+O30)<(H30+L30),"Ahead",IF((J30+O30)=(H30+L30),"On-Time","Delayed"))) | R30: =IF(F30=100%,"Completed",IF(F30=0,"Not Started","In Progress")) -> Not Started
A31: =A30+1 -> 13 | B31: First layer of ballast (line 1) | C31: =1/24 -> 0.041666667 | D31: =(C31/$C$47)*100 -> 2.0408163 | E31: =D31*F31 -> 0 | G31: 46312 | H31: 46312 | K31: =L30 -> 1.0833333 | L31: =K31+C31 -> 1.125 | M31: =L31-K31 -> 0.041666667 | P31: =IF(OR(I31="",J31="",N31="",O31=""),"",((J31+O31)-(I31+N31))) | Q31: =IF(OR(H31="",J31="",L31="",O31=""),"",IF((J31+O31)<(H31+L31),"Ahead",IF((J31+O31)=(H31+L31),"On-Time","Delayed"))) | R31: =IF(F31=100%,"Completed",IF(F31=0,"Not Started","In Progress")) -> Not Started
A32: =A31+1 -> 14 | B32: First layer of ballast (line 3) | C32: =1/24 -> 0.041666667 | D32: =(C32/$C$47)*100 -> 2.0408163 | E32: =D32*F32 -> 0 | G32: 46312 | H32: 46312 | K32: =L31 -> 1.125 | L32: =K32+C32 -> 1.1666667 | M32: =L32-K32 -> 0.041666667 | P32: =IF(OR(I32="",J32="",N32="",O32=""),"",((J32+O32)-(I32+N32))) | Q32: =IF(OR(H32="",J32="",L32="",O32=""),"",IF((J32+O32)<(H32+L32),"Ahead",IF((J32+O32)=(H32+L32),"On-Time","Delayed"))) | R32: =IF(F32=100%,"Completed",IF(F32=0,"Not Started","In Progress")) -> Not Started
A33: =A32+1 -> 15 | B33: Track installation (line 1) | C33: =1/24 -> 0.041666667 | D33: =(C33/$C$47)*100 -> 2.0408163 | E33: =D33*F33 -> 0 | G33: 46312 | H33: 46312 | K33: =L32 -> 1.1666667 | L33: =K33+C33 -> 1.2083333 | M33: =L33-K33 -> 0.041666667 | P33: =IF(OR(I33="",J33="",N33="",O33=""),"",((J33+O33)-(I33+N33))) | Q33: =IF(OR(H33="",J33="",L33="",O33=""),"",IF((J33+O33)<(H33+L33),"Ahead",IF((J33+O33)=(H33+L33),"On-Time","Delayed"))) | R33: =IF(F33=100%,"Completed",IF(F33=0,"Not Started","In Progress")) -> Not Started
A34: =A33+1 -> 16 | B34: Track installation (line 3) | C34: =1/24 -> 0.041666667 | D34: =(C34/$C$47)*100 -> 2.0408163 | E34: =D34*F34 -> 0 | G34: 46312 | H34: 46312 | K34: =L33 -> 1.2083333 | L34: =K34+C34 -> 1.25 | M34: =L34-K34 -> 0.041666667 | P34: =IF(OR(I34="",J34="",N34="",O34=""),"",((J34+O34)-(I34+N34))) | Q34: =IF(OR(H34="",J34="",L34="",O34=""),"",IF((J34+O34)<(H34+L34),"Ahead",IF((J34+O34)=(H34+L34),"On-Time","Delayed"))) | R34: =IF(F34=100%,"Completed",IF(F34=0,"Not Started","In Progress")) -> Not Started
A35: =A34+1 -> 17 | B35: First and Second Ballasting/Tamping/Stabilization/Profiling (line 1) | C35: =1/24 -> 0.041666667 | D35: =(C35/$C$47)*100 -> 2.0408163 | E35: =D35*F35 -> 0 | G35: 46312 | H35: 46312 | K35: =L34 -> 1.25 | L35: =K35+C35 -> 1.2916667 | M35: =L35-K35 -> 0.041666667 | P35: =IF(OR(I35="",J35="",N35="",O35=""),"",((J35+O35)-(I35+N35))) | Q35: =IF(OR(H35="",J35="",L35="",O35=""),"",IF((J35+O35)<(H35+L35),"Ahead",IF((J35+O35)=(H35+L35),"On-Time","Delayed"))) | R35: =IF(F35=100%,"Completed",IF(F35=0,"Not Started","In Progress")) -> Not Started
A36: =A35+1 -> 18 | B36: Final Ballasting/Tamping/Stabilization/Profiling (line 1) | C36: =1/24 -> 0.041666667 | D36: =(C36/$C$47)*100 -> 2.0408163 | E36: =D36*F36 -> 0 | G36: 46312 | H36: 46312 | K36: =L35 -> 1.2916667 | L36: =K36+C36 -> 1.3333333 | M36: =L36-K36 -> 0.041666667 | P36: =IF(OR(I36="",J36="",N36="",O36=""),"",((J36+O36)-(I36+N36))) | Q36: =IF(OR(H36="",J36="",L36="",O36=""),"",IF((J36+O36)<(H36+L36),"Ahead",IF((J36+O36)=(H36+L36),"On-Time","Delayed"))) | R36: =IF(F36=100%,"Completed",IF(F36=0,"Not Started","In Progress")) -> Not Started
A37: =A36+1 -> 19 | B37: TSO OTMP moves from line 1 to Line 3 TK 121+000 | C37: =1/24 -> 0.041666667 | D37: =(C37/$C$47)*100 -> 2.0408163 | E37: =D37*F37 -> 0 | G37: 46312 | H37: 46312 | K37: 1.3333333 | L37: =K37+C37 -> 1.375 | M37: =L37-K37 -> 0.041666667 | P37: =IF(OR(I37="",J37="",N37="",O37=""),"",((J37+O37)-(I37+N37))) | Q37: =IF(OR(H37="",J37="",L37="",O37=""),"",IF((J37+O37)<(H37+L37),"Ahead",IF((J37+O37)=(H37+L37),"On-Time","Delayed"))) | R37: =IF(F37=100%,"Completed",IF(F37=0,"Not Started","In Progress")) -> Not Started | S37: OTMP Movement
A38: 20 | B38: ATW - 2U (out of destressing) (line 1) | C38: 0.083333333 | D38: =(C38/$C$47)*100 -> 4.0816327 | E38: =D38*F38 -> 0 | G38: 46312 | H38: 46312 | K38: =L37 -> 1.375 | L38: =K38+C38 -> 1.4583333 | M38: =L38-K38 -> 0.083333333 | P38: =IF(OR(I38="",J38="",N38="",O38=""),"",((J38+O38)-(I38+N38))) | Q38: =IF(OR(H38="",J38="",L38="",O38=""),"",IF((J38+O38)<(H38+L38),"Ahead",IF((J38+O38)=(H38+L38),"On-Time","Delayed"))) | R38: =IF(F38=100%,"Completed",IF(F38=0,"Not Started","In Progress")) -> Not Started
A39: =A38+1 -> 21 | B39: ATW - 2U (out of destressing) (line 3) | C39: 0.083333333 | D39: =(C39/$C$47)*100 -> 4.0816327 | E39: =D39*F39 -> 0 | G39: 46312 | H39: 46312 | K39: =L38 -> 1.4583333 | L39: =K39+C39 -> 1.5416667 | M39: =L39-K39 -> 0.083333333 | P39: =IF(OR(I39="",J39="",N39="",O39=""),"",((J39+O39)-(I39+N39))) | Q39: =IF(OR(H39="",J39="",L39="",O39=""),"",IF((J39+O39)<(H39+L39),"Ahead",IF((J39+O39)=(H39+L39),"On-Time","Delayed"))) | R39: =IF(F39=100%,"Completed",IF(F39=0,"Not Started","In Progress")) -> Not Started
A40: =A39+1 -> 22 | B40: First and Second Ballasting/Tamping/Stabilization/Profiling (line 3) | C40: =1/24 -> 0.041666667 | D40: =(C40/$C$47)*100 -> 2.0408163 | E40: =D40*F40 -> 0 | G40: 46312 | H40: 46312 | K40: =L39 -> 1.5416667 | L40: =K40+C40 -> 1.5833333 | M40: =L40-K40 -> 0.041666667 | P40: =IF(OR(I40="",J40="",N40="",O40=""),"",((J40+O40)-(I40+N40))) | Q40: =IF(OR(H40="",J40="",L40="",O40=""),"",IF((J40+O40)<(H40+L40),"Ahead",IF((J40+O40)=(H40+L40),"On-Time","Delayed"))) | R40: =IF(F40=100%,"Completed",IF(F40=0,"Not Started","In Progress")) -> Not Started | S40: After OTMP pass to location
A41: =A40+1 -> 23 | B41: Final Ballasting/Tamping/Stabilization/Profiling (line 3) | C41: =1/24 -> 0.041666667 | D41: =(C41/$C$47)*100 -> 2.0408163 | E41: =D41*F41 -> 0 | G41: 46312 | H41: 46312 | K41: =L40 -> 1.5833333 | L41: =K41+C41 -> 1.625 | M41: =L41-K41 -> 0.041666667 | P41: =IF(OR(I41="",J41="",N41="",O41=""),"",((J41+O41)-(I41+N41))) | Q41: =IF(OR(H41="",J41="",L41="",O41=""),"",IF((J41+O41)<(H41+L41),"Ahead",IF((J41+O41)=(H41+L41),"On-Time","Delayed"))) | R41: =IF(F41=100%,"Completed",IF(F41=0,"Not Started","In Progress")) -> Not Started
A42: =A41+1 -> 24 | B42: TSO Back towards station 29 | C42: =2/24 -> 0.083333333 | G42: 46312 | H42: 46312 | K42: =L41 -> 1.625 | L42: 1.5833333 | M42: 0.083333333 | P42: =IF(OR(I42="",J42="",N42="",O42=""),"",((J42+O42)-(I42+N42))) | Q42: =IF(OR(H42="",J42="",L42="",O42=""),"",IF((J42+O42)<(H42+L42),"Ahead",IF((J42+O42)=(H42+L42),"On-Time","Delayed"))) | R42: =IF(F42=100%,"Completed",IF(F42=0,"Not Started","In Progress")) -> Not Started | S42: OTMP Movement
A43: =A42+1 -> 25 | B43: No Work Hours due to tempratare | G43: 46312 | H43: 46312 | P43: =IF(OR(I43="",J43="",N43="",O43=""),"",((J43+O43)-(I43+N43))) | Q43: =IF(OR(H43="",J43="",L43="",O43=""),"",IF((J43+O43)<(H43+L43),"Ahead",IF((J43+O43)=(H43+L43),"On-Time","Delayed"))) | R43: =IF(F43=100%,"Completed",IF(F43=0,"Not Started","In Progress")) -> Not Started | S43: Rest Hours
A44: =A43+1 -> 26 | B44: Destressing (including 2 ATW) (line 1) | C44: =4/24 -> 0.16666667 | D44: =(C44/$C$47)*100 -> 8.1632653 | E44: =D44*F44 -> 0 | G44: 46312 | H44: 46312 | K44: =L41 -> 1.625 | L44: =K44+C44 -> 1.7916667 | M44: =L44-K44 -> 0.16666667 | P44: =IF(OR(I44="",J44="",N44="",O44=""),"",((J44+O44)-(I44+N44))) | Q44: =IF(OR(H44="",J44="",L44="",O44=""),"",IF((J44+O44)<(H44+L44),"Ahead",IF((J44+O44)=(H44+L44),"On-Time","Delayed"))) | R44: =IF(F44=100%,"Completed",IF(F44=0,"Not Started","In Progress")) -> Not Started
A45: =A44+1 -> 27 | B45: Destressing (including 2 ATW) (line 3) | C45: =4/24 -> 0.16666667 | D45: =(C45/$C$47)*100 -> 8.1632653 | E45: =D45*F45 -> 0 | G45: 46312 | H45: 46312 | K45: =L44 -> 1.7916667 | L45: =K45+C45 -> 1.9583333 | M45: =L45-K45 -> 0.16666667 | P45: =IF(OR(I45="",J45="",N45="",O45=""),"",((J45+O45)-(I45+N45))) | Q45: =IF(OR(H45="",J45="",L45="",O45=""),"",IF((J45+O45)<(H45+L45),"Ahead",IF((J45+O45)=(H45+L45),"On-Time","Delayed"))) | R45: =IF(F45=100%,"Completed",IF(F45=0,"Not Started","In Progress")) -> Not Started
A46: =A45+1 -> 28 | B46: Finishing (including final grinding, welding stamp, UT, inspection, etc.) | C46: =1/24 -> 0.041666667 | D46: =(C46/$C$47)*100 -> 2.0408163 | E46: =D46*F46 -> 0 | G46: 46312 | H46: 46312 | K46: =L45 -> 1.9583333 | L46: =K46+C46 -> 2 | M46: =L46-K46 -> 0.041666667 | P46: =IF(OR(I46="",J46="",N46="",O46=""),"",((J46+O46)-(I46+N46))) | Q46: =IF(OR(H46="",J46="",L46="",O46=""),"",IF((J46+O46)<(H46+L46),"Ahead",IF((J46+O46)=(H46+L46),"On-Time","Delayed"))) | R46: =IF(F46=100%,"Completed",IF(F46=0,"Not Started","In Progress")) -> Not Started
C47: =SUM(C20:C46)-C42 -> 2.0416667 | D47: =SUM(D20:D46) -> 99.989184 | E47: =SUM(E20:E46)/D47 -> 0 | F47: Progress
A48: No | B48: Work Description | C48: No. Hours | D48: Wt. %P | E48: Wt.%PA | G48: Date (Plan) | J48: Date of Actual Completion | K48: Time (Plan-Target) | M48: Total Time (Plan) | N48: Time (vs. Actual) | P48: Total Time Completed | Q48: Time Difference (Ahead, On-Time, Delayed) | R48: Progress Status | S48: Remarks
F49: % Progress | G49: Start | H49: End | K49: Start | L49: End | N49: Start | O49: End
V50: Completed - Ahead of time
A51: LOCATION: C265 ,TK 210+525 (Line 1 & Line 3)
A52: 1 | B52: Pre-Shutdown Arrangement (Mobilization Works) | C52: T-48 Hours | R52: =IF(B2=100%,"Completed",IF(B2=0,"Not Started","In Progress")) -> Not Started | V52: Completed - Delayed
A53: 2 | B53: TSO OTMP moves from station 29 to Main Line 1 | C53: 0.041666667 | D53: =(C53/$C$47)*100 -> 2.0408163 | E53: =D53*F53 -> 0 | G53: 46311 | H53: 46311 | K53: 0 | L53: 0.041666667 | M53: 0.041666667 | P53: =IF(OR(I53="",J53="",N53="",O53=""),"",((J53+O53)-(I53+N53))) | Q53: =IF(OR(H53="",J53="",L53="",O53=""),"",IF((J53+O53)<(H53+L53),"Ahead",IF((J53+O53)=(H53+L53),"On-Time","Delayed"))) | R53: =IF(F53=100%,"Completed",IF(F53=0,"Not Started","In Progress")) -> Not Started | S53: OTMP Movement
A54: =A53+1 -> 3 | B54: Track removal and evacuation of panels (line 1) | C54: =1/24 -> 0.041666667 | D54: =(C54/$C$47)*100 -> 2.0408163 | E54: =D54*F54 -> 0 | G54: 46311 | H54: 46311 | K54: 0.041666667 | L54: 0.083333333 | M54: 0.041666667 | P54: =IF(OR(I54="",J54="",N54="",O54=""),"",((J54+O54)-(I54+N54))) | Q54: =IF(OR(H54="",J54="",L54="",O54=""),"",IF((J54+O54)<(H54+L54),"Ahead",IF((J54+O54)=(H54+L54),"On-Time","Delayed"))) | R54: =IF(F54=100%,"Completed",IF(F54=0,"Not Started","In Progress")) -> Not Started | S54: After OTMP pass to location | V54: In-progress
A55: =A54+1 -> 4 | B55: Track removal and evacuation of panels (line 3) | C55: 0.041666667 | D55: =(C55/$C$47)*100 -> 2.0408163 | E55: =D55*F55 -> 0 | G55: 46311 | H55: 46311 | K55: 0 | L55: 0.041666667 | M55: 0.041666667 | P55: =IF(OR(I55="",J55="",N55="",O55=""),"",((J55+O55)-(I55+N55))) | Q55: =IF(OR(H55="",J55="",L55="",O55=""),"",IF((J55+O55)<(H55+L55),"Ahead",IF((J55+O55)=(H55+L55),"On-Time","Delayed"))) | R55: =IF(F55=100%,"Completed",IF(F55=0,"Not Started","In Progress")) -> Not Started
A56: =A55+1 -> 5 | B56: Ballast removal | C56: =1/24 -> 0.041666667 | D56: =(C56/$C$47)*100 -> 2.0408163 | E56: =D56*F56 -> 0 | G56: 46311 | H56: 46311 | K56: 0.083333333 | L56: 0.125 | M56: 0.041666667 | P56: =IF(OR(I56="",J56="",N56="",O56=""),"",((J56+O56)-(I56+N56))) | Q56: =IF(OR(H56="",J56="",L56="",O56=""),"",IF((J56+O56)<(H56+L56),"Ahead",IF((J56+O56)=(H56+L56),"On-Time","Delayed"))) | R56: =IF(F56=100%,"Completed",IF(F56=0,"Not Started","In Progress")) -> Not Started | V56: Completed - Ontime
A57: =A56+1 -> 6 | B57: Cutting and removal of material around existing culvert | C57: =2/24 -> 0.083333333 | D57: =(C57/$C$47)*100 -> 4.0816327 | E57: =D57*F57 -> 0 | G57: 46311 | H57: 46311 | K57: 0.125 | L57: 0.25 | M57: 0.125 | P57: =IF(OR(I57="",J57="",N57="",O57=""),"",((J57+O57)-(I57+N57))) | Q57: =IF(OR(H57="",J57="",L57="",O57=""),"",IF((J57+O57)<(H57+L57),"Ahead",IF((J57+O57)=(H57+L57),"On-Time","Delayed"))) | R57: =IF(F57=100%,"Completed",IF(F57=0,"Not Started","In Progress")) -> Not Started
A58: =A57+1 -> 7 | B58: Demolition of existing culvert | C58: =2/24 -> 0.083333333 | D58: =(C58/$C$47)*100 -> 4.0816327 | E58: =D58*F58 -> 0 | G58: 46311 | H58: 46311 | K58: 0.25 | L58: 0.41666667 | M58: 0.16666667 | P58: =IF(OR(I58="",J58="",N58="",O58=""),"",((J58+O58)-(I58+N58))) | Q58: =IF(OR(H58="",J58="",L58="",O58=""),"",IF((J58+O58)<(H58+L58),"Ahead",IF((J58+O58)=(H58+L58),"On-Time","Delayed"))) | R58: =IF(F58=100%,"Completed",IF(F58=0,"Not Started","In Progress")) -> Not Started
A59: =A58+1 -> 8 | B59: Surface preparation for the precast culvert installation | C59: =2/24 -> 0.083333333 | D59: =(C59/$C$47)*100 -> 4.0816327 | E59: =D59*F59 -> 0 | G59: 46311 | H59: 46311 | K59: =L58 -> 0.41666667 | L59: =K59+C59 -> 0.5 | M59: =L59-K59 -> 0.083333333 | P59: =IF(OR(I59="",J59="",N59="",O59=""),"",((J59+O59)-(I59+N59))) | Q59: =IF(OR(H59="",J59="",L59="",O59=""),"",IF((J59+O59)<(H59+L59),"Ahead",IF((J59+O59)=(H59+L59),"On-Time","Delayed"))) | R59: =IF(F59=100%,"Completed",IF(F59=0,"Not Started","In Progress")) -> Not Started
A60: =A59+1 -> 9 | B60: Installation of new precast culvert | C60: =3/24 -> 0.125 | D60: =(C60/$C$47)*100 -> 6.122449 | E60: =D60*F60 -> 0 | G60: 46311 | H60: 46311 | K60: =L59 -> 0.5 | L60: =K60+C60 -> 0.625 | M60: =L60-K60 -> 0.125 | P60: =IF(OR(I60="",J60="",N60="",O60=""),"",((J60+O60)-(I60+N60))) | Q60: =IF(OR(H60="",J60="",L60="",O60=""),"",IF((J60+O60)<(H60+L60),"Ahead",IF((J60+O60)=(H60+L60),"On-Time","Delayed"))) | R60: =IF(F60=100%,"Completed",IF(F60=0,"Not Started","In Progress")) -> Not Started
A61: =A60+1 -> 10 | B61: Apply sealant to the culvert | C61: =1/24 -> 0.041666667 | D61: =(C61/$C$47)*100 -> 2.0408163 | E61: =D61*F61 -> 0 | G61: 46311 | H61: 46311 | K61: =L60 -> 0.625 | L61: =K61+C61 -> 0.66666667 | M61: =L61-K61 -> 0.041666667 | P61: =IF(OR(I61="",J61="",N61="",O61=""),"",((J61+O61)-(I61+N61))) | Q61: =IF(OR(H61="",J61="",L61="",O61=""),"",IF((J61+O61)<(H61+L61),"Ahead",IF((J61+O61)=(H61+L61),"On-Time","Delayed"))) | R61: =IF(F61=100%,"Completed",IF(F61=0,"Not Started","In Progress")) -> Not Started
A62: =A61+1 -> 11 | B62: Backfill around the culvert till subgrade level | C62: =3/24 -> 0.125 | D62: =(C62/$C$47)*100 -> 6.122449 | E62: =D62*F62 -> 0 | G62: 46311 | H62: 46311 | K62: =L61 -> 0.66666667 | L62: =K62+C62 -> 0.79166667 | M62: =L62-K62 -> 0.125 | P62: =IF(OR(I62="",J62="",N62="",O62=""),"",((J62+O62)-(I62+N62))) | Q62: =IF(OR(H62="",J62="",L62="",O62=""),"",IF((J62+O62)<(H62+L62),"Ahead",IF((J62+O62)=(H62+L62),"On-Time","Delayed"))) | R62: =IF(F62=100%,"Completed",IF(F62=0,"Not Started","In Progress")) -> Not Started
A63: =A62+1 -> 12 | B63: Backfill Subgrade | C63: =1/24 -> 0.041666667 | D63: =(C63/$C$47)*100 -> 2.0408163 | E63: =D63*F63 -> 0 | G63: 46311 | H63: 46311 | K63: =L62 -> 0.79166667 | L63: =K63+C63 -> 0.83333333 | M63: =L63-K63 -> 0.041666667 | P63: =IF(OR(I63="",J63="",N63="",O63=""),"",((J63+O63)-(I63+N63))) | Q63: =IF(OR(H63="",J63="",L63="",O63=""),"",IF((J63+O63)<(H63+L63),"Ahead",IF((J63+O63)=(H63+L63),"On-Time","Delayed"))) | R63: =IF(F63=100%,"Completed",IF(F63=0,"Not Started","In Progress")) -> Not Started
A64: =A63+1 -> 13 | B64: First layer of ballast (line 1) | C64: =1/24 -> 0.041666667 | D64: =(C64/$C$47)*100 -> 2.0408163 | E64: =D64*F64 -> 0 | G64: 46311 | H64: 46311 | K64: =L63 -> 0.83333333 | L64: =K64+C64 -> 0.875 | M64: =L64-K64 -> 0.041666667 | P64: =IF(OR(I64="",J64="",N64="",O64=""),"",((J64+O64)-(I64+N64))) | Q64: =IF(OR(H64="",J64="",L64="",O64=""),"",IF((J64+O64)<(H64+L64),"Ahead",IF((J64+O64)=(H64+L64),"On-Time","Delayed"))) | R64: =IF(F64=100%,"Completed",IF(F64=0,"Not Started","In Progress")) -> Not Started
A65: =A64+1 -> 14 | B65: First layer of ballast (line 3) | C65: =1/24 -> 0.041666667 | D65: =(C65/$C$47)*100 -> 2.0408163 | E65: =D65*F65 -> 0 | G65: 46311 | H65: 46311 | K65: =L64 -> 0.875 | L65: =K65+C65 -> 0.91666667 | M65: =L65-K65 -> 0.041666667 | P65: =IF(OR(I65="",J65="",N65="",O65=""),"",((J65+O65)-(I65+N65))) | Q65: =IF(OR(H65="",J65="",L65="",O65=""),"",IF((J65+O65)<(H65+L65),"Ahead",IF((J65+O65)=(H65+L65),"On-Time","Delayed"))) | R65: =IF(F65=100%,"Completed",IF(F65=0,"Not Started","In Progress")) -> Not Started
A66: =A65+1 -> 15 | B66: Track installation (line 1) | C66: =1/24 -> 0.041666667 | D66: =(C66/$C$47)*100 -> 2.0408163 | E66: =D66*F66 -> 0 | G66: 46311 | H66: 46311 | K66: =L65 -> 0.91666667 | L66: =K66+C66 -> 0.95833333 | M66: =L66-K66 -> 0.041666667 | P66: =IF(OR(I66="",J66="",N66="",O66=""),"",((J66+O66)-(I66+N66))) | Q66: =IF(OR(H66="",J66="",L66="",O66=""),"",IF((J66+O66)<(H66+L66),"Ahead",IF((J66+O66)=(H66+L66),"On-Time","Delayed"))) | R66: =IF(F66=100%,"Completed",IF(F66=0,"Not Started","In Progress")) -> Not Started
A67: =A66+1 -> 16 | B67: Track installation (line 3) | C67: =1/24 -> 0.041666667 | D67: =(C67/$C$47)*100 -> 2.0408163 | E67: =D67*F67 -> 0 | G67: 46311 | H67: 46311 | K67: =L66 -> 0.95833333 | L67: =K67+C67 -> 1 | M67: =L67-K67 -> 0.041666667 | P67: =IF(OR(I67="",J67="",N67="",O67=""),"",((J67+O67)-(I67+N67))) | Q67: =IF(OR(H67="",J67="",L67="",O67=""),"",IF((J67+O67)<(H67+L67),"Ahead",IF((J67+O67)=(H67+L67),"On-Time","Delayed"))) | R67: =IF(F67=100%,"Completed",IF(F67=0,"Not Started","In Progress")) -> Not Started
A68: =A67+1 -> 17 | B68: First and Second Ballasting/Tamping/Stabilization/Profiling (line 1) | C68: =1/24 -> 0.041666667 | D68: =(C68/$C$47)*100 -> 2.0408163 | E68: =D68*F68 -> 0 | G68: 46312 | H68: 46312 | K68: 0.083333333 | L68: =K68+C68 -> 0.125 | M68: =L68-K68 -> 0.041666667 | P68: =IF(OR(I68="",J68="",N68="",O68=""),"",((J68+O68)-(I68+N68))) | Q68: =IF(OR(H68="",J68="",L68="",O68=""),"",IF((J68+O68)<(H68+L68),"Ahead",IF((J68+O68)=(H68+L68),"On-Time","Delayed"))) | R68: =IF(F68=100%,"Completed",IF(F68=0,"Not Started","In Progress")) -> Not Started
A69: =A68+1 -> 18 | B69: Final Ballasting/Tamping/Stabilization/Profiling (line 1) | C69: =1/24 -> 0.041666667 | D69: =(C69/$C$47)*100 -> 2.0408163 | E69: =D69*F69 -> 0 | G69: 46312 | H69: 46312 | K69: =L68 -> 0.125 | L69: =K69+C69 -> 0.16666667 | M69: =L69-K69 -> 0.041666667 | P69: =IF(OR(I69="",J69="",N69="",O69=""),"",((J69+O69)-(I69+N69))) | Q69: =IF(OR(H69="",J69="",L69="",O69=""),"",IF((J69+O69)<(H69+L69),"Ahead",IF((J69+O69)=(H69+L69),"On-Time","Delayed"))) | R69: =IF(F69=100%,"Completed",IF(F69=0,"Not Started","In Progress")) -> Not Started
A70: 19 | B70: TSO OTMP moves from line 1 to Line 3 TK 121+000 | C70: =1/24 -> 0.041666667 | D70: =(C70/$C$47)*100 -> 2.0408163 | E70: =D70*F70 -> 0 | G70: 46312 | H70: 46312 | K70: 1.3333333 | L70: 1.375 | M70: =L70-K70 -> 0.041666667 | P70: =IF(OR(I70="",J70="",N70="",O70=""),"",((J70+O70)-(I70+N70))) | Q70: =IF(OR(H70="",J70="",L70="",O70=""),"",IF((J70+O70)<(H70+L70),"Ahead",IF((J70+O70)=(H70+L70),"On-Time","Delayed"))) | R70: =IF(F70=100%,"Completed",IF(F70=0,"Not Started","In Progress")) -> Not Started | S70: OTMP Movement
A71: =A70+1 -> 20 | B71: ATW - 2U (out of destressing) (line 1) | C71: 0.083333333 | D71: =(C71/$C$47)*100 -> 4.0816327 | E71: =D71*F71 -> 0 | G71: 46312 | H71: 46312 | K71: =L67 -> 1 | L71: =K71+C71 -> 1.0833333 | M71: =L71-K71 -> 0.083333333 | P71: =IF(OR(I71="",J71="",N71="",O71=""),"",((J71+O71)-(I71+N71))) | Q71: =IF(OR(H71="",J71="",L71="",O71=""),"",IF((J71+O71)<(H71+L71),"Ahead",IF((J71+O71)=(H71+L71),"On-Time","Delayed"))) | R71: =IF(F71=100%,"Completed",IF(F71=0,"Not Started","In Progress")) -> Not Started
A72: =A71+1 -> 21 | B72: ATW - 2U (out of destressing) (line 3) | C72: 0.083333333 | D72: =(C72/$C$47)*100 -> 4.0816327 | E72: =D72*F72 -> 0 | G72: 46312 | H72: 46312 | K72: =L70 -> 1.375 | L72: =K72+C72 -> 1.4583333 | M72: =L72-K72 -> 0.083333333 | P72: =IF(OR(I72="",J72="",N72="",O72=""),"",((J72+O72)-(I72+N72))) | Q72: =IF(OR(H72="",J72="",L72="",O72=""),"",IF((J72+O72)<(H72+L72),"Ahead",IF((J72+O72)=(H72+L72),"On-Time","Delayed"))) | R72: =IF(F72=100%,"Completed",IF(F72=0,"Not Started","In Progress")) -> Not Started
A73: =A72+1 -> 22 | B73: First and Second Ballasting/Tamping/Stabilization/Profiling (line 1) | C73: =1/24 -> 0.041666667 | D73: =(C73/$C$47)*100 -> 2.0408163 | E73: =D73*F73 -> 0 | G73: 46312 | H73: 46312 | K73: =L72 -> 1.4583333 | L73: =K73+C73 -> 1.5 | M73: =L73-K73 -> 0.041666667 | P73: =IF(OR(I73="",J73="",N73="",O73=""),"",((J73+O73)-(I73+N73))) | Q73: =IF(OR(H73="",J73="",L73="",O73=""),"",IF((J73+O73)<(H73+L73),"Ahead",IF((J73+O73)=(H73+L73),"On-Time","Delayed"))) | R73: =IF(F73=100%,"Completed",IF(F73=0,"Not Started","In Progress")) -> Not Started | S73: After OTMP pass to location
A74: =A73+1 -> 23 | B74: Final Ballasting/Tamping/Stabilization/Profiling (line 3) | C74: =1/24 -> 0.041666667 | D74: =(C74/$C$47)*100 -> 2.0408163 | E74: =D74*F74 -> 0 | G74: 46312 | H74: 46312 | K74: =L73 -> 1.5 | L74: =K74+C74 -> 1.5416667 | M74: =L74-K74 -> 0.041666667 | P74: =IF(OR(I74="",J74="",N74="",O74=""),"",((J74+O74)-(I74+N74))) | Q74: =IF(OR(H74="",J74="",L74="",O74=""),"",IF((J74+O74)<(H74+L74),"Ahead",IF((J74+O74)=(H74+L74),"On-Time","Delayed"))) | R74: =IF(F74=100%,"Completed",IF(F74=0,"Not Started","In Progress")) -> Not Started
A75: =A74+1 -> 24 | B75: TSO Back towards station 29 | C75: =2/24 -> 0.083333333 | D75: =(C75/$C$47)*100 -> 4.0816327 | E75: =D75*F75 -> 0 | G75: 46312 | H75: 46312 | K75: 1.625 | L75: 1.5833333 | M75: 0.083333333 | P75: =IF(OR(I75="",J75="",N75="",O75=""),"",((J75+O75)-(I75+N75))) | Q75: =IF(OR(H75="",J75="",L75="",O75=""),"",IF((J75+O75)<(H75+L75),"Ahead",IF((J75+O75)=(H75+L75),"On-Time","Delayed"))) | R75: =IF(F75=100%,"Completed",IF(F75=0,"Not Started","In Progress")) -> Not Started | S75: OTMP Movement
A76: =A75+1 -> 25 | B76: No Work Hours due to tempratare | G76: 46312 | H76: 46312 | P76: =IF(OR(I76="",J76="",N76="",O76=""),"",((J76+O76)-(I76+N76))) | Q76: =IF(OR(H76="",J76="",L76="",O76=""),"",IF((J76+O76)<(H76+L76),"Ahead",IF((J76+O76)=(H76+L76),"On-Time","Delayed"))) | R76: =IF(F76=100%,"Completed",IF(F76=0,"Not Started","In Progress")) -> Not Started | S76: Rest Hours
A77: =A76+1 -> 26 | B77: Destressing (including 2 ATW) (line 1) | C77: =4/24 -> 0.16666667 | D77: =(C77/$C$47)*100 -> 8.1632653 | E77: =D77*F77 -> 0 | G77: 46312 | H77: 46312 | K77: =L69 -> 0.16666667 | L77: =K77+C77 -> 0.33333333 | M77: =L77-K77 -> 0.16666667 | P77: =IF(OR(I77="",J77="",N77="",O77=""),"",((J77+O77)-(I77+N77))) | Q77: =IF(OR(H77="",J77="",L77="",O77=""),"",IF((J77+O77)<(H77+L77),"Ahead",IF((J77+O77)=(H77+L77),"On-Time","Delayed"))) | R77: =IF(F77=100%,"Completed",IF(F77=0,"Not Started","In Progress")) -> Not Started
A78: =A77+1 -> 27 | B78: Destressing (including 2 ATW) (line 3) | C78: =4/24 -> 0.16666667 | D78: =(C78/$C$47)*100 -> 8.1632653 | E78: =D78*F78 -> 0 | G78: 46312 | H78: 46312 | K78: =L74 -> 1.5416667 | L78: =K78+C78 -> 1.7083333 | M78: =L78-K78 -> 0.16666667 | P78: =IF(OR(I78="",J78="",N78="",O78=""),"",((J78+O78)-(I78+N78))) | Q78: =IF(OR(H78="",J78="",L78="",O78=""),"",IF((J78+O78)<(H78+L78),"Ahead",IF((J78+O78)=(H78+L78),"On-Time","Delayed"))) | R78: =IF(F78=100%,"Completed",IF(F78=0,"Not Started","In Progress")) -> Not Started
A79: =A78+1 -> 28 | B79: Finishing (including final grinding, welding stamp, UT, inspection, etc.) | C79: =7/24 -> 0.29166667 | D79: =(C79/$C$47)*100 -> 14.285714 | E79: =D79*F79 -> 0 | G79: 46312 | H79: 46312 | K79: =L78 -> 1.7083333 | L79: =K79+C79 -> 2 | M79: =L79-K79 -> 0.29166667 | P79: =IF(OR(I79="",J79="",N79="",O79=""),"",((J79+O79)-(I79+N79))) | Q79: =IF(OR(H79="",J79="",L79="",O79=""),"",IF((J79+O79)<(H79+L79),"Ahead",IF((J79+O79)=(H79+L79),"On-Time","Delayed"))) | R79: =IF(F79=100%,"Completed",IF(F79=0,"Not Started","In Progress")) -> Not Started
C80: =SUM(C53:C79)-C75 -> 1.9166667 | D80: =SUM(D53:D79) -> 97.959184 | E80: =SUM(E53:E79)/D80 -> 0 | F80: Progress
A81: No | B81: Work Description | C81: No. Hours | D81: Wt. %P | E81: Wt.%PA | G81: Date (Plan) | J81: Date of Actual Completion | K81: Time (Plan-Target) | M81: Total Time (Plan) | N81: Time (vs. Actual) | P81: Total Time Completed | Q81: Time Difference (Ahead, On-Time, Delayed) | R81: Progress Status | S81: Remarks
F82: % Progress | G82: Start | H82: End | K82: Start | L82: End | N82: Start | O82: End
A84: LOCATION: C267 , TK 212+400 (Line 1 & Line 3)
A85: 1 | B85: Pre-Shutdown Arrangement (Mobilization Works) | C85: T-48 Hours | R85: =IF(F85=100%,"Completed",IF(F85=0,"Not Started","In Progress")) -> Not Started | V85: Completed - Delayed
A86: 2 | B86: TSO OTMP moves from station 29 to main Line 1 | D86: 2.03 | E86: =D86*F86 -> 0 | G86: 46311 | H86: 46311 | K86: 0 | L86: 0.041666667 | M86: 0.041666667 | P86: =IF(OR(I86="",J86="",N86="",O86=""),"",((J86+O86)-(I86+N86))) | Q86: =IF(OR(H86="",J86="",L86="",O86=""),"",IF((J86+O86)<(H86+L86),"Ahead",IF((J86+O86)=(H86+L86),"On-Time","Delayed"))) | R86: =IF(F86=100%,"Completed",IF(F86=0,"Not Started","In Progress")) -> Not Started | S86: OTMP Movement
A87: =A86+1 -> 3 | B87: Track removal and evacuation of panels (line 1) | C87: =1/24 -> 0.041666667 | D87: =(C87/$C$47)*100 -> 2.0408163 | E87: =D87*F87 -> 0 | G87: 46311 | H87: 46311 | K87: 0.041666667 | L87: 0.083333333 | M87: 0.041666667 | P87: =IF(OR(I87="",J87="",N87="",O87=""),"",((J87+O87)-(I87+N87))) | Q87: =IF(OR(H87="",J87="",L87="",O87=""),"",IF((J87+O87)<(H87+L87),"Ahead",IF((J87+O87)=(H87+L87),"On-Time","Delayed"))) | R87: =IF(F87=100%,"Completed",IF(F87=0,"Not Started","In Progress")) -> Not Started | S87: After OTMP pass to location | V87: In-progress
A88: =A87+1 -> 4 | B88: Track removal and evacuation of panels (line 3) | C88: 0.041666667 | D88: =(C88/$C$47)*100 -> 2.0408163 | E88: =D88*F88 -> 0 | G88: 46311 | H88: 46311 | K88: 0 | L88: 0.041666667 | M88: 0.041666667 | P88: =IF(OR(I88="",J88="",N88="",O88=""),"",((J88+O88)-(I88+N88))) | Q88: =IF(OR(H88="",J88="",L88="",O88=""),"",IF((J88+O88)<(H88+L88),"Ahead",IF((J88+O88)=(H88+L88),"On-Time","Delayed"))) | R88: =IF(F88=100%,"Completed",IF(F88=0,"Not Started","In Progress")) -> Not Started
A89: =A88+1 -> 5 | B89: Ballast removal | C89: =1/24 -> 0.041666667 | D89: =(C89/$C$47)*100 -> 2.0408163 | E89: =D89*F89 -> 0 | G89: 46311 | H89: 46311 | K89: 0.083333333 | L89: 0.125 | M89: 0.041666667 | P89: =IF(OR(I89="",J89="",N89="",O89=""),"",((J89+O89)-(I89+N89))) | Q89: =IF(OR(H89="",J89="",L89="",O89=""),"",IF((J89+O89)<(H89+L89),"Ahead",IF((J89+O89)=(H89+L89),"On-Time","Delayed"))) | R89: =IF(F89=100%,"Completed",IF(F89=0,"Not Started","In Progress")) -> Not Started | V89: Completed - Ontime
A90: =A89+1 -> 6 | B90: Cutting and removal of material around existing culvert | C90: =1/24 -> 0.041666667 | D90: =(C90/$C$47)*100 -> 2.0408163 | E90: =D90*F90 -> 0 | G90: 46311 | H90: 46311 | K90: =L89 -> 0.125 | L90: 0.25 | M90: 0.125 | P90: =IF(OR(I90="",J90="",N90="",O90=""),"",((J90+O90)-(I90+N90))) | Q90: =IF(OR(H90="",J90="",L90="",O90=""),"",IF((J90+O90)<(H90+L90),"Ahead",IF((J90+O90)=(H90+L90),"On-Time","Delayed"))) | R90: =IF(F90=100%,"Completed",IF(F90=0,"Not Started","In Progress")) -> Not Started
A91: =A90+1 -> 7 | B91: Demolition of existing culvert | C91: =2/24 -> 0.083333333 | D91: =(C91/$C$47)*100 -> 4.0816327 | E91: =D91*F91 -> 0 | G91: 46311 | H91: 46311 | K91: =L90 -> 0.25 | L91: 0.41666667 | M91: 0.16666667 | P91: =IF(OR(I91="",J91="",N91="",O91=""),"",((J91+O91)-(I91+N91))) | Q91: =IF(OR(H91="",J91="",L91="",O91=""),"",IF((J91+O91)<(H91+L91),"Ahead",IF((J91+O91)=(H91+L91),"On-Time","Delayed"))) | R91: =IF(F91=100%,"Completed",IF(F91=0,"Not Started","In Progress")) -> Not Started
A92: =A91+1 -> 8 | B92: Surface preparation for the precast culvert installation | C92: =2/24 -> 0.083333333 | D92: =(C92/$C$47)*100 -> 4.0816327 | E92: =D92*F92 -> 0 | G92: 46311 | H92: 46311 | K92: =L91 -> 0.41666667 | L92: =K92+C92 -> 0.5 | M92: =L92-K92 -> 0.083333333 | P92: =IF(OR(I92="",J92="",N92="",O92=""),"",((J92+O92)-(I92+N92))) | Q92: =IF(OR(H92="",J92="",L92="",O92=""),"",IF((J92+O92)<(H92+L92),"Ahead",IF((J92+O92)=(H92+L92),"On-Time","Delayed"))) | R92: =IF(F92=100%,"Completed",IF(F92=0,"Not Started","In Progress")) -> Not Started
A93: =A92+1 -> 9 | B93: Installation of new precast culvert | C93: =3/24 -> 0.125 | D93: =(C93/$C$47)*100 -> 6.122449 | E93: =D93*F93 -> 0 | G93: 46311 | H93: 46311 | K93: =L92 -> 0.5 | L93: =K93+C93 -> 0.625 | M93: =L93-K93 -> 0.125 | P93: =IF(OR(I93="",J93="",N93="",O93=""),"",((J93+O93)-(I93+N93))) | Q93: =IF(OR(H93="",J93="",L93="",O93=""),"",IF((J93+O93)<(H93+L93),"Ahead",IF((J93+O93)=(H93+L93),"On-Time","Delayed"))) | R93: =IF(F93=100%,"Completed",IF(F93=0,"Not Started","In Progress")) -> Not Started
A94: =A93+1 -> 10 | B94: Apply sealant to the culvert | C94: =1/24 -> 0.041666667 | D94: =(C94/$C$47)*100 -> 2.0408163 | E94: =D94*F94 -> 0 | G94: 46311 | H94: 46311 | K94: =L93 -> 0.625 | L94: =K94+C94 -> 0.66666667 | M94: =L94-K94 -> 0.041666667 | P94: =IF(OR(I94="",J94="",N94="",O94=""),"",((J94+O94)-(I94+N94))) | Q94: =IF(OR(H94="",J94="",L94="",O94=""),"",IF((J94+O94)<(H94+L94),"Ahead",IF((J94+O94)=(H94+L94),"On-Time","Delayed"))) | R94: =IF(F94=100%,"Completed",IF(F94=0,"Not Started","In Progress")) -> Not Started
A95: =A94+1 -> 11 | B95: Backfill around the culvert till subgrade level | C95: =3/24 -> 0.125 | D95: =(C95/$C$47)*100 -> 6.122449 | E95: =D95*F95 -> 0 | G95: 46311 | H95: 46311 | K95: =L94 -> 0.66666667 | L95: =K95+C95 -> 0.79166667 | M95: =L95-K95 -> 0.125 | P95: =IF(OR(I95="",J95="",N95="",O95=""),"",((J95+O95)-(I95+N95))) | Q95: =IF(OR(H95="",J95="",L95="",O95=""),"",IF((J95+O95)<(H95+L95),"Ahead",IF((J95+O95)=(H95+L95),"On-Time","Delayed"))) | R95: =IF(F95=100%,"Completed",IF(F95=0,"Not Started","In Progress")) -> Not Started
A96: =A95+1 -> 12 | B96: Backfill Subgrade | C96: =1/24 -> 0.041666667 | D96: =(C96/$C$47)*100 -> 2.0408163 | E96: =D96*F96 -> 0 | G96: 46311 | H96: 46311 | K96: =L95 -> 0.79166667 | L96: =K96+C96 -> 0.83333333 | M96: =L96-K96 -> 0.041666667 | P96: =IF(OR(I96="",J96="",N96="",O96=""),"",((J96+O96)-(I96+N96))) | Q96: =IF(OR(H96="",J96="",L96="",O96=""),"",IF((J96+O96)<(H96+L96),"Ahead",IF((J96+O96)=(H96+L96),"On-Time","Delayed"))) | R96: =IF(F96=100%,"Completed",IF(F96=0,"Not Started","In Progress")) -> Not Started
A97: =A96+1 -> 13 | B97: First layer of ballast (line 1) | C97: =1/24 -> 0.041666667 | D97: =(C97/$C$47)*100 -> 2.0408163 | E97: =D97*F97 -> 0 | G97: 46311 | H97: 46311 | K97: =L96 -> 0.83333333 | L97: =K97+C97 -> 0.875 | M97: =L97-K97 -> 0.041666667 | P97: =IF(OR(I97="",J97="",N97="",O97=""),"",((J97+O97)-(I97+N97))) | Q97: =IF(OR(H97="",J97="",L97="",O97=""),"",IF((J97+O97)<(H97+L97),"Ahead",IF((J97+O97)=(H97+L97),"On-Time","Delayed"))) | R97: =IF(F97=100%,"Completed",IF(F97=0,"Not Started","In Progress")) -> Not Started
A98: =A97+1 -> 14 | B98: First layer of ballast (line 3) | C98: =1/24 -> 0.041666667 | D98: =(C98/$C$47)*100 -> 2.0408163 | E98: =D98*F98 -> 0 | G98: 46311 | H98: 46311 | K98: =L97 -> 0.875 | L98: =K98+C98 -> 0.91666667 | M98: =L98-K98 -> 0.041666667 | P98: =IF(OR(I98="",J98="",N98="",O98=""),"",((J98+O98)-(I98+N98))) | Q98: =IF(OR(H98="",J98="",L98="",O98=""),"",IF((J98+O98)<(H98+L98),"Ahead",IF((J98+O98)=(H98+L98),"On-Time","Delayed"))) | R98: =IF(F98=100%,"Completed",IF(F98=0,"Not Started","In Progress")) -> Not Started
A99: =A98+1 -> 15 | B99: Track installation (line 1) | C99: =1/24 -> 0.041666667 | D99: =(C99/$C$47)*100 -> 2.0408163 | E99: =D99*F99 -> 0 | G99: 46311 | H99: 46311 | K99: =L98 -> 0.91666667 | L99: =K99+C99 -> 0.95833333 | M99: =L99-K99 -> 0.041666667 | P99: =IF(OR(I99="",J99="",N99="",O99=""),"",((J99+O99)-(I99+N99))) | Q99: =IF(OR(H99="",J99="",L99="",O99=""),"",IF((J99+O99)<(H99+L99),"Ahead",IF((J99+O99)=(H99+L99),"On-Time","Delayed"))) | R99: =IF(F99=100%,"Completed",IF(F99=0,"Not Started","In Progress")) -> Not Started
A100: =A99+1 -> 16 | B100: Track installation (line 3) | C100: =1/24 -> 0.041666667 | D100: =(C100/$C$47)*100 -> 2.0408163 | E100: =D100*F100 -> 0 | G100: 46311 | H100: 46311 | K100: =L99 -> 0.95833333 | L100: =K100+C100 -> 1 | M100: =L100-K100 -> 0.041666667 | P100: =IF(OR(I100="",J100="",N100="",O100=""),"",((J100+O100)-(I100+N100))) | Q100: =IF(OR(H100="",J100="",L100="",O100=""),"",IF((J100+O100)<(H100+L100),"Ahead",IF((J100+O100)=(H100+L100),"On-Time","Delayed"))) | R100: =IF(F100=100%,"Completed",IF(F100=0,"Not Started","In Progress")) -> Not Started
A101: =A100+1 -> 17 | B101: First and Second Ballasting/Tamping/Stabilization/Profiling (line 1) | C101: =1/24 -> 0.041666667 | D101: =(C101/$C$47)*100 -> 2.0408163 | E101: =D101*F101 -> 0 | G101: 46312 | H101: 46312 | K101: =L100 -> 1 | L101: =K101+C101 -> 1.0416667 | M101: =L101-K101 -> 0.041666667 | P101: =IF(OR(I101="",J101="",N101="",O101=""),"",((J101+O101)-(I101+N101))) | Q101: =IF(OR(H101="",J101="",L101="",O101=""),"",IF((J101+O101)<(H101+L101),"Ahead",IF((J101+O101)=(H101+L101),"On-Time","Delayed"))) | R101: =IF(F101=100%,"Completed",IF(F101=0,"Not Started","In Progress")) -> Not Started
A102: =A101+1 -> 18 | B102: Final Ballasting/Tamping/Stabilization/Profiling (line 1) | C102: =1/24 -> 0.041666667 | D102: =(C102/$C$47)*100 -> 2.0408163 | E102: =D102*F102 -> 0 | G102: 46312 | H102: 46312 | K102: =L101 -> 1.0416667 | L102: =K102+C102 -> 1.0833333 | M102: =L102-K102 -> 0.041666667 | P102: =IF(OR(I102="",J102="",N102="",O102=""),"",((J102+O102)-(I102+N102))) | Q102: =IF(OR(H102="",J102="",L102="",O102=""),"",IF((J102+O102)<(H102+L102),"Ahead",IF((J102+O102)=(H102+L102),"On-Time","Delayed"))) | R102: =IF(F102=100%,"Completed",IF(F102=0,"Not Started","In Progress")) -> Not Started
A103: 19 | B103: TSO OTMP moves from line 1 to Line 3 | C103: =1/24 -> 0.041666667 | D103: 4 | E103: =D103*F103 -> 0 | G103: 46312 | H103: 46312 | K103: 0.33333333 | L103: =K103+C103 -> 0.375 | M103: 0.083333333 | P103: =IF(OR(I103="",J103="",N103="",O103=""),"",((J103+O103)-(I103+N103))) | Q103: =IF(OR(H103="",J103="",L103="",O103=""),"",IF((J103+O103)<(H103+L103),"Ahead",IF((J103+O103)=(H103+L103),"On-Time","Delayed"))) | R103: =IF(F103=100%,"Completed",IF(F103=0,"Not Started","In Progress")) -> Not Started | S103: OTMP Movement
A104: =A103+1 -> 20 | B104: ATW - 4U (out of destressing) (line 1) | C104: 0.083333333 | D104: 1.3 | E104: =D104*F104 -> 0 | G104: 46312 | H104: 46312 | K104: =L102 -> 1.0833333 | L104: =K104+C104 -> 1.1666667 | M104: =L104-K104 -> 0.083333333 | P104: =IF(OR(I104="",J104="",N104="",O104=""),"",((J104+O104)-(I104+N104))) | Q104: =IF(OR(H104="",J104="",L104="",O104=""),"",IF((J104+O104)<(H104+L104),"Ahead",IF((J104+O104)=(H104+L104),"On-Time","Delayed"))) | R104: =IF(F104=100%,"Completed",IF(F104=0,"Not Started","In Progress")) -> Not Started
A105: =A104+1 -> 21 | B105: ATW - 4U (out of destressing) (line 3) | C105: 0.083333333 | D105: 1.31 | E105: =D105*F105 -> 0 | G105: 46312 | H105: 46312 | K105: 0.375 | L105: =K105+C105 -> 0.45833333 | M105: =L105-K105 -> 0.083333333 | P105: =IF(OR(I105="",J105="",N105="",O105=""),"",((J105+O105)-(I105+N105))) | Q105: =IF(OR(H105="",J105="",L105="",O105=""),"",IF((J105+O105)<(H105+L105),"Ahead",IF((J105+O105)=(H105+L105),"On-Time","Delayed"))) | R105: =IF(F105=100%,"Completed",IF(F105=0,"Not Started","In Progress")) -> Not Started
A106: =A105+1 -> 22 | B106: First and Second Ballasting/Tamping/Stabilization/Profiling (line 3) | C106: =1/24 -> 0.041666667 | D106: =(C106/$C$47)*100 -> 2.0408163 | E106: =D106*F106 -> 0 | G106: 46312 | H106: 46312 | K106: =L103 -> 0.375 | L106: =K106+C106 -> 0.41666667 | M106: =L106-K106 -> 0.041666667 | P106: =IF(OR(I106="",J106="",N106="",O106=""),"",((J106+O106)-(I106+N106))) | Q106: =IF(OR(H106="",J106="",L106="",O106=""),"",IF((J106+O106)<(H106+L106),"Ahead",IF((J106+O106)=(H106+L106),"On-Time","Delayed"))) | R106: =IF(F106=100%,"Completed",IF(F106=0,"Not Started","In Progress")) -> Not Started | S106: After OTMP pass to location
A107: =A106+1 -> 23 | B107: Final Ballasting/Tamping/Stabilization/Profiling (line 3) | C107: =1/24 -> 0.041666667 | D107: =(C107/$C$47)*100 -> 2.0408163 | E107: =D107*F107 -> 0 | G107: 46312 | H107: 46312 | K107: =L106 -> 0.41666667 | L107: =K107+C107 -> 0.45833333 | M107: =L107-K107 -> 0.041666667 | P107: =IF(OR(I107="",J107="",N107="",O107=""),"",((J107+O107)-(I107+N107))) | Q107: =IF(OR(H107="",J107="",L107="",O107=""),"",IF((J107+O107)<(H107+L107),"Ahead",IF((J107+O107)=(H107+L107),"On-Time","Delayed"))) | R107: =IF(F107=100%,"Completed",IF(F107=0,"Not Started","In Progress")) -> Not Started
A108: =A107+1 -> 24 | B108: TSO Back towards station 29 | C108: =2/24 -> 0.083333333 | G108: 46312 | H108: 46312 | K108: 1.625 | L108: 1.5833333 | M108: 0.083333333 | P108: =IF(OR(I108="",J108="",N108="",O108=""),"",((J108+O108)-(I108+N108))) | Q108: =IF(OR(H108="",J108="",L108="",O108=""),"",IF((J108+O108)<(H108+L108),"Ahead",IF((J108+O108)=(H108+L108),"On-Time","Delayed"))) | R108: =IF(F108=100%,"Completed",IF(F108=0,"Not Started","In Progress")) -> Not Started | S108: OTMP Movement
...

Sheet Charts
A3: Culvert | B3: Total Hrs (Plan) | C3: Completed | D3: Remaining
A4: C028 (116+700) | B4: ='Shutdown02 Progress'!C46 -> 0.041666667 | C4: ='Shutdown02 Progress'!E47 -> 0 | D4: =1-C4 -> 1
A5: C052 (124+415) | B5: ='Shutdown02 Progress'!C79 -> 0.29166667 | C5: ='Shutdown02 Progress'!E80 -> 0 | D5: =1-C5 -> 1
A6: C053 (124+585) | B6: ='Shutdown02 Progress'!C112 -> 0.041666667 | C6: ='Shutdown02 Progress'!E113 -> 0 | D6: =1-C6 -> 1
A7: C067 (129+103) | B7: ='Shutdown02 Progress'!C145 -> 0.16666667 | C7: ='Shutdown02 Progress'!E146 -> 0 | D7: =1-C7 -> 1
A8: C070 (132+198) | B8: ='Shutdown02 Progress'!C177 -> 0.16666667 | C8: ='Shutdown02 Progress'!E179 -> 0 | D8: =1-C8 -> 1
A9: OVERALL | B9: =SUM(B4,B5,B6,B7,B8) -> 0.70833333 | C9: =(B4*C4+B5*C5+B6*C6+B7*C7+B8*C8)/B9 -> 0 | D9: =1-C9 -> 1
A11: DURATION COMPLETION BY CULVERT
